Fecha y hora,usuario,idDispenser,fechaMantenimiento,lugarDispenser,sectorDispenser,observacionesMantenimiento,,idReportes
6/1/2026 9:37:43,Toyota,14,2026-01-06,Pb,Meeting 6 qc,"Mantenimiento ok sague 
Qc",,
6/1/2026 9:39:38,Toyota,6,2026-01-06,Pb Qc,Laboratorio ,Ok Chachi,,
6/1/2026 9:41:35,Toyota,45,2026-01-06,Pb Qc,Oficina group lider ,Ok chachi,,
6/1/2026 9:48:08,Toyota,15,2026-01-06,Pb ,Meeting 6 qc,"Mantenimiento ok sague 
Qc",,
6/1/2026 9:48:53,Toyota,459,2026-01-06,Pb Qc,Meeting vp3,Ok chachi,,
6/1/2026 9:50:35,Toyota,43,2026-01-06,Pb ,Oficina líder ,"Mantenimiento ok Gamboa 
Qc",,
6/1/2026 9:53:33,Toyota,17,2026-01-06,Pb ,Meeting vp 2,"Mantenimiento ok sague 
Qc",,
6/1/2026 9:59:41,Toyota,42,2026-01-06,Pb Qc,Mantenimiento ,Ok mantenimiento Ramon,,
6/1/2026 10:01:20,Toyota,18,2026-01-06,Pb ,Oficina asimra,"Mantenimiento ok Vázquez 
Qc",,
6/1/2026 10:02:13,Toyota,41,2026-01-06,Pb Qc,Mantenimiento taller,Ok Gamboa,,
6/1/2026 10:02:21,Toyota,32,2026-01-06,Pb,Meeting qc,"Mantenimiento ok sague 
Qc",,
6/1/2026 10:03:04,Toyota,20,2026-01-06,Pb ,Meeting 7,"Mantenimiento ok sague 
Qc",,
6/1/2026 10:10:27,Toyota,40,2026-01-06,Pb Qc,Columna Q19,Ok Gamboa,,
6/1/2026 10:13:26,Toyota,21,2026-01-06,Pb,Meeting 7 qc,"Mantenimiento ok Vázquez 
Qc",,
6/1/2026 10:13:28,Toyota,39,2026-01-06,Pb Qc,Meeting columna S-19,Ok chachi,,
6/1/2026 10:14:44,Toyota,38,2026-01-06,Pb Qc ,Meeting columna S-19 ,Ok chachi ,,
6/1/2026 10:16:12,Toyota,37,2026-01-06,Pb Qc ,Meeting columna T-19,Ok Gamboa ,,
6/1/2026 10:17:10,Toyota,36,2026-01-06,Pb Qc ,Meeting columna T-19,Ok Gamboa,,
6/1/2026 10:29:16,Toyota,23,2026-01-06,Pb,Meeting vp 1,"Mantenimiento ok Vázquez 
Qc",,
6/1/2026 10:35:28,Toyota,33,2026-01-06,Ep Qc ,Oficina group lider linea final -3,Ok Gamboa ,,
6/1/2026 10:41:51,Toyota,19,2026-01-06,Ep Qc ,Meeting linea final-3,Ok Gamboa ,,
6/1/2026 10:49:14,Toyota,26,2026-01-06,Pb Qc ,Playa de linea final-3 ,Ok Gamboa ,,
6/1/2026 10:51:41,Toyota,25,2026-01-06,Pb Qc ,Pintura ,Roto cambio ,,
6/1/2026 10:56:16,Toyota,19,2026-01-06,Pb Qc ,Meeting linea final-3 ,Ok Sague,,
6/1/2026 10:57:39,Toyota,30,2026-01-06,Pb Qc ,Meeting linea final-3 ,Ok Chachi,,
6/1/2026 11:00:50,Toyota,34,2026-01-06,Pb Qc ,Columna U-19,Ok Sague ,,
6/1/2026 11:01:49,Toyota,29,2026-01-06,Pb Qc ,Linea final-3 lateral,Ok Gamboa ,,
6/1/2026 11:02:48,Toyota,28,2026-01-06,Pb Qc ,Linea final-3 lateral,Ok Chachi ,,
6/1/2026 11:03:04,Toyota,28,2026-01-06,Pb Qc ,Linea final-3 lateral,Ok Chachi ,,
6/1/2026 11:03:51,Toyota,24,2026-01-06,Pb Qc ,Linea de pintura ,Ok Gamboa ,,
6/1/2026 11:07:22,Toyota,27,2026-01-06,Pb QC, Oficina group lider,Ok sague,,
8/1/2026 7:48:08,Toyota,47,2026-01-08,1 piso linea final,Oficina jefes ,Ok Gamboa ,,
8/1/2026 7:49:10,Toyota,49,2026-01-08,Pb ,Col j18,"Mantenimiento ok Vázquez 
Linea final",,
8/1/2026 7:51:08,Toyota,46,2026-01-08,1 piso linea final,Oficina de jefes ,Ok Gamboa ,,
8/1/2026 7:54:42,Toyota,51,2026-01-08,Pb ,Meeting linea final ,"Mantenimiento ok Vázquez 
Linea final ",,
8/1/2026 7:59:29,Toyota,53,2026-01-08,Pb linea final-6,Oficina jefes,Ok Gamboa ,,
8/1/2026 8:00:08,Toyota,174,2026-01-08,Pb,Linea final 6,"Meeting Vázquez 
Linea final ",,
8/1/2026 8:05:26,Toyota,55,2026-01-08,Pb,Linea final 4,"Mantenimiento ok Vázquez 
Linea final ",,
8/1/2026 8:06:59,Toyota,56,2026-01-08,Pb linea final 4,Meeting group lider,Ok Gamboa ,,
8/1/2026 8:13:40,Toyota,50,2026-01-08,Pb linea final 6 ,Oficina jefes,Ok Gamboa ,,
8/1/2026 8:19:01,Toyota,48,2026-01-08,Pb linea final-6,Meeting ,Ok Gamboa ,,
8/1/2026 8:20:17,Toyota,82,2026-01-08,Pb linea final 4,Meeting ,Ok Gamboa ,,
8/1/2026 8:32:16,Toyota,60,2026-01-08,Pb linea final 4,Meeting columna J-23,Ok Gamboa ,,
8/1/2026 8:33:34,Toyota,61,2026-01-08,Pb linea final 4,Meeting columna J-24,Ok Gamboa ,,
8/1/2026 8:37:41,Toyota,103,2026-01-08,Pb chasis,Columna J-25,Ok Gamboa ,,
8/1/2026 8:40:11,Toyota,52,2026-01-08,Pb,Linea final 4,"Meeting Vázquez 
Linea final ",,
8/1/2026 8:41:01,Toyota,70,2026-01-08,Pb ,Puerta mantenimiento ,"Mantenimiento ok gamboa 
Puerta",,
8/1/2026 8:41:58,Toyota,81,2026-01-08,Pb,Meeting puerta ,"Mantenimiento ok Vázquez 
Puertas ",,
8/1/2026 8:43:29,Toyota,79,2026-01-08,Pb,Meeting puertas ,"Mantenimiento ok Vázquez 
Puertas ",,
8/1/2026 8:49:00,Toyota,80,2026-01-08,Pb,Linea puertas ,"Mantenimiento ok Vázquez 
Puertas",,
8/1/2026 8:52:48,Toyota,805,2026-01-08,Pb,Linea puertas ,"Mantenimiento ok Vázquez 
Puertas ",,
8/1/2026 8:54:24,Toyota,99,2026-01-08,Pb,Meeting puertas limpio,"Mantenimiento ok gamboa 
Puertas",,
8/1/2026 9:03:43,Toyota,83,2026-01-08,Pb,Clark,"Mantenimiento ok gamboa
Hanger",,
8/1/2026 9:05:21,Toyota,87,2026-01-08,Pb,Meeting canopi sur ,"Mantenimiento ok Vázquez 
Canopi sur",,
8/1/2026 9:06:12,Toyota,86,2026-01-08,Pb,Meeting canopi sur,"Mantenimiento ok gamboa 
Canopi sur",,
8/1/2026 9:07:51,Toyota,84,2026-01-08,Pb,Meeting canopi sur ,"Mantenimiento ok Vázquez 
Canopi sur ",,
8/1/2026 9:13:10,Toyota,103,2026-01-08,Pb chasis,Columna J-25,Ok Gamboa ,,
8/1/2026 9:13:47,Toyota,88,2026-01-08,Pb Canopy sur,Oficina de jefes,Ok Gamboa ,,
8/1/2026 9:15:32,Toyota,88,2026-01-08,Pb Canopy sur,Oficina de jefes,Ok Gamboa ,,
8/1/2026 9:16:16,Toyota,89,2026-01-08,Pb Canopy sur,Columna K-24,Ok,,
8/1/2026 9:18:38,Toyota,803,2026-01-08,Pb ,Cajas de buffer,"Mantenimiento ok Vázquez 
Puertas",,
8/1/2026 9:20:00,Toyota,90,2026-01-08,Pb Canopy oeste ,Columna K-25,Ok Gamboa ,,
8/1/2026 9:23:16,Toyota,93,2026-01-08,Pb Canopy oeste ,Meeting ,Ok ,,
8/1/2026 9:23:29,Toyota,93,2026-01-08,Pb Canopy oeste ,Meeting ,Ok ,,
8/1/2026 9:23:29,Toyota,803,2026-01-08,Pb ,Cajas de buffer,"Mantenimiento ok Vázquez 
Puertas",,
8/1/2026 9:24:01,Toyota,94,2026-01-08,Pb Canopy oeste ,Meeting ,Ok,,
8/1/2026 9:24:18,Toyota,95,2026-01-08,Pb,Meeting mh ,Mantenimiento ok Vázquez ,,
8/1/2026 9:25:55,Toyota,96,2026-01-08,Pb,Chasis ,"Mantenimiento ok Vázquez 
Chasis ",,
8/1/2026 9:26:53,Toyota,98,2026-01-08,Pb,Linea chasis ,"Mantenimiento ok gamboa 
Chasis",,
8/1/2026 9:28:10,Toyota,97,2026-01-08,Pb chasis ,Columna L-30,Ok Gamboa ,,
8/1/2026 9:30:41,Toyota,133,2026-01-08,Pb,Chasis 3,Mantenimiento ok gamboa ,,
8/1/2026 9:31:18,Toyota,107,2026-01-08,Pb,Chasis 3,Mantenimiento ok ,,
8/1/2026 9:32:27,Toyota,125,2026-01-08,Pb,Chasis 3,Mantenimiento ok,,
8/1/2026 9:33:55,Toyota,69,2026-01-08,Pb,Chasis 2,Mantenimiento ok,,
8/1/2026 9:34:58,Toyota,100,2026-01-08,Pb,Meeting chasis 2 ,Mantenimiento ok,,
8/1/2026 9:54:44,Toyota,97,2026-01-08,Pb chasis ,Columna L-30,Ok Gamboa ,,
8/1/2026 10:04:14,Toyota,109,2026-01-08,1 piso linea final,Oficina de jefes,Ok Gamboa ,,
8/1/2026 10:05:02,Toyota,115,2026-01-08,1 piso chasis,Pañol de herrería ,Ok Gamboa ,,
8/1/2026 10:06:28,Toyota,114,2026-01-08,1 piso chasis ,Oficina de jefes ,Ok Gamboa ,,
8/1/2026 10:18:22,Toyota,140,2026-01-08,Pb ,Linea doore home ,Mantenimiento ok,,
8/1/2026 10:20:03,Toyota,126,2026-01-08,Pb,Meeting dress up,Mantenimiento ok ,,
8/1/2026 10:20:39,Toyota,128,2026-01-08,Pb ,Meeting chasis 4,Mantenimiento ok ,,
8/1/2026 10:21:26,Toyota,130,2026-01-08,Pb,Chasis 4,Mantenimiento ok,,
8/1/2026 10:38:41,Toyota,131,2026-01-08,Pb,Chasis 4,Mantenimiento ok ,,
8/1/2026 10:39:29,Toyota,106,2026-01-08,Pb ,Meeting chasis 4 ,Mantenimiento ok ,,
8/1/2026 10:39:55,Toyota,136,2026-01-08,Pb,Meeting chasis 4 ,Mantenimiento ok,,
8/1/2026 10:42:11,Toyota,134,2026-01-08,Pb,Meeting chasis taller ,Mantenimiento ok,,
8/1/2026 10:42:29,Toyota,679,2026-01-08,Pb ,Taller chasis 4 ,Mantenimiento ok,,
8/1/2026 11:34:21,Toyota,148,2026-01-08,Pb,Chasis 4,Mantenimiento ok,,
8/1/2026 11:34:22,Toyota,138,2026-01-08,Pb ,Meeting chasis 4 ,Mantenimiento ok ,,
8/1/2026 11:36:55,Toyota,140,2026-01-08,Pb,Puertas abierta linea ,Mantenimiento ok,,
8/1/2026 11:37:32,Toyota,141,2026-01-08,Pb,Linea puerta abierta ,Mantenimiento ok,,
8/1/2026 11:38:13,Toyota,147,2026-01-08,Pb,Puertas abierta ,Mantenimiento ok,,
8/1/2026 11:39:06,Toyota,139,2026-01-08,Pb,Puertas abierta ,Mantenimiento ok,,
8/1/2026 11:39:47,Toyota,143,2026-01-08,Pb,Puertas abierta ,Mantenimiento ok,,
8/1/2026 11:45:34,Toyota,142,2026-01-08,Pb,Puertas abierta ,Mantenimiento ok,,
8/1/2026 11:46:22,Toyota,104,2026-01-08,Pb,Puertas abierta ,Mantenimiento ok,,
8/1/2026 11:47:17,Toyota,105,2026-01-08,Pb ,Chasis 4,Mantenimiento ok,,
8/1/2026 11:48:13,Toyota,108,2026-01-08,Pb,Chasis 4,Mantenimiento ok,,
8/1/2026 11:48:55,Toyota,110,2026-01-08,Pb,Chasis 4,Mantenimiento ok ,,
8/1/2026 11:49:35,Toyota,111,2026-01-08,Pb,Chasis 4,Mantenimiento ok,,
8/1/2026 11:50:50,Toyota,112,2026-01-08,Pb,Chasis 4,Mantenimiento ok,,
8/1/2026 11:51:38,Toyota,172,2026-01-08,Pb,Chasis 4,Mantenimiento ok,,
8/1/2026 11:52:37,Toyota,113,2026-01-08,Pb,Chasis 4,Mantenimiento ok,,
8/1/2026 11:53:41,Toyota,117,2026-01-08,Pb,Chasis ensamble ,Mantenimiento ok,,
8/1/2026 11:54:34,Toyota,806,2026-01-08,Pb,Chasis ensamble ,Mantenimiento ok,,
8/1/2026 11:55:19,Toyota,804,2026-01-08,Pb,Chasis ensamble ,Mantenimiento ok,,
8/1/2026 11:56:10,Toyota,137,2026-01-08,Pb,Chasis ensamble ,Mantenimiento ok,,
8/1/2026 11:59:46,Toyota,131,2026-01-08,Pb,Chasis ensamble ,Mantenimiento ok,,
8/1/2026 12:01:22,Toyota,135,2026-01-08,Pb,Chasis ensamble ,Mantenimiento ok,,
8/1/2026 12:02:11,Toyota,149,2026-01-08,Pb,Chasis ensamble ,Mantenimiento ok,,
8/1/2026 12:04:22,Toyota,44,2026-01-08,Pb,Chasis ensamble ,Mantenimiento ok,,
8/1/2026 12:05:04,Toyota,304,2026-01-08,Pb,Chasis ensamble ,Mantenimiento ok,,
8/1/2026 12:05:49,Toyota,152,2026-01-08,Pb,Chasis ensamble ,Mantenimiento ok,,
8/1/2026 12:06:33,Toyota,153,2026-01-08,Pb,Chasis ensamble ,Mantenimiento ok,,
8/1/2026 12:06:33,Toyota,151,2026-01-09,Pb,Chasis ensamble ,Mantenimiento ok,,
8/1/2026 12:06:33,Toyota,154,2026-01-09,Pb,Chasis ensamble ,Mantenimiento ok,,
8/1/2026 12:06:33,Toyota,157,2026-01-09,Pb,Chasis ensamble ,Mantenimiento ok ,,
8/1/2026 12:06:33,Toyota,156,2026-01-09,Pb,Chasis ensamble ,Mantenimiento ok,,
8/1/2026 12:06:33,Toyota,160,2026-01-09,Pb,Chasis ensamble ,Mantenimiento ok,,
8/1/2026 12:06:33,Toyota,165,2026-01-09,Pb,Chasis linea final ,Mantenimiento ok,,
8/1/2026 12:06:33,Toyota,163,2026-01-09,1 piso chasis,Pañol,Ok Gamboa ,,
8/1/2026 12:06:33,Toyota,168,2026-01-09,Pb chasis ,Meeting linea final 3 al lado de pintura,Ok Gamboa ,,
8/1/2026 12:06:33,Toyota,203,2026-01-09,1 piso ensamble,Oficina de jefes,Ok Gamboa ,,
8/1/2026 12:06:33,Toyota,167,2026-01-09,Pb,Chasis 3,Mantenimiento ok,,
9/1/2026 8:14:44,Toyota,76,2026-01-09,Pb,Chasis 3,Mantenimiento ok,,
9/1/2026 8:14:44,Toyota,169,2026-01-09,Pb,Chasis 3 ,Mantenimiento ok,,
9/1/2026 8:15:36,Toyota,807,2026-01-09,Pb,Final power ,Mantenimiento ok,,
9/1/2026 8:18:26,Toyota,808,2026-01-09,Pb,Ensamble final ,Mantenimiento ok,,
9/1/2026 8:20:33,Toyota,202,2026-01-09,Pb,Ensamble final ,Mantenimiento ok,,
9/1/2026 8:20:48,Toyota,203,2026-01-09,1 piso ensamble,Oficina de jefes,Ok Gamboa ,,
9/1/2026 8:21:19,Toyota,201,2026-01-09,1 piso jundate,Oficina de jefes,Ok Gamboa ,,
9/1/2026 8:28:45,Toyota,315,2026-01-09,Pb jundate,Isla de jundate,Ok Gamboa ,,
9/1/2026 8:39:44,Toyota,234,2026-01-09,Pb ensamble ,Meeting final 2,Ok Gamboa ,,
9/1/2026 8:39:44,Toyota,215,2026-01-09,Pb ensamble ,Meeting ensamble final ,Ok Gamboa ,,
9/1/2026 8:41:16,Toyota,216,2026-01-09,Pb ensamble ,Meeting ensamble final columna G-20,Ok Gamboa ,,
9/1/2026 8:44:37,Toyota,207,2026-01-09,Pb ensamble ,Meeting ensamble final ,Ok,,
9/1/2026 8:48:34,Toyota,217,2026-01-09,Pb ensamble ,Meeting. Ensamble final ,Ok Gamboa ,,
9/1/2026 8:50:01,Toyota,218,2026-01-09,Pb ensamble ,Meeting ensamble final ,Ok Gamboa columna G-23,,
9/1/2026 8:54:38,Toyota,209,2026-01-09,Pb ensamble ,Meeting de trym,Ok Gamboa ,,
9/1/2026 8:55:33,Toyota,231,2026-01-09,Ep ensamble ,Meeting elevado trym,Ok Gamboa ,,
9/1/2026 8:56:32,Toyota,229,2026-01-09,Ep ensamble ,Meeting elevado de trym ,Ok Gamboa ,,
9/1/2026 9:03:42,Toyota,230,2026-01-09,Pb ensamble ,Meeting try team ,Ok Gamboa ,,
9/1/2026 9:08:59,Toyota,232,2026-01-09,Pb ensamble ,Meeting try team ,Ok Gamboa ,,
9/1/2026 9:17:07,Toyota,233,2026-01-09,1 piso ensamble,Oficina de jefes Try team ,Ok Gamboa ,,
9/1/2026 9:19:38,Toyota,222,2026-01-09,Pb,Col g24,Mantenimiento ok,,
9/1/2026 9:19:38,Toyota,220,2026-01-09,Pb,Final 1 ,Mantenimiento ok,,
9/1/2026 9:35:24,Toyota,300,2026-01-09,Pb ensamble ,Meeting try team columna F-22,Ok Gamboa ,,
9/1/2026 9:45:25,Toyota,241,2026-01-09,Pb ensamble ,Meeting try team 2,Ok Gamboa ,,
9/1/2026 9:46:25,Toyota,302,2026-01-09,Pb ensamble ,Meeting try team 2 ,Ok Gamboa ,,
9/1/2026 10:03:48,Toyota,483,2026-01-09,Pb welding,Meeting side Member,Ok Gamboa ,,
9/1/2026 10:05:09,Toyota,487,2026-01-09,Pb isla ,Columna E-15,Ok Gamboa ,,
9/1/2026 10:06:38,Toyota,456,2026-01-09,Pb welding ,Side Member ,Ok Gamboa ,,
9/1/2026 10:11:00,Toyota,454,2026-01-09,Pb welding ,Side Member ,Ok Gamboa ,,
9/1/2026 10:15:17,Toyota,477,2026-01-09,Pb welding ,Meeting 3 pilares,Ok Gamboa ,,
9/1/2026 10:15:55,Toyota,476,2026-01-09,Pb welding ,Meeting tres pilares ,Ok Gamboa ,,
9/1/2026 10:18:22,Toyota,824,2026-01-09,Pb welding ,Meeting Tres pilares ,Ok Gamboa ,,
9/1/2026 10:19:55,Toyota,327,2026-01-09,1 piso welding ,Base elevada derecha ,Ok Gamboa ,,
9/1/2026 10:22:52,Toyota,825,2026-01-09,1 piso welding ,Base elevada derecha ,Ok Gamboa ,,
9/1/2026 10:25:49,Toyota,306,2026-01-09,Pb welding ,Columna E-19,Ok Gamboa ,,
9/1/2026 10:26:24,Toyota,305,2026-01-09,Pb welding ,Columna E-19,Ok Gamboa ,,
9/1/2026 10:30:03,Toyota,318,2026-01-09,Pb welding ,Meeting de dojo ,Ok Gamboa ,,
9/1/2026 10:30:45,Toyota,402,2026-01-09,1 piso welding ,Dojo ,Ok Gamboa ,,
9/1/2026 10:31:10,Toyota,403,2026-01-09,1 piso welding ,Dojo ,Ok Gamboa ,,
9/1/2026 10:32:45,Toyota,400,2026-01-09,1 piso welding ,Oficina de jefes,Ok Gamboa ,,
9/1/2026 10:33:29,Toyota,331,2026-01-09,Pb welding ,Meeting heming room,Ok Gamboa ,,
9/1/2026 10:35:29,Toyota,331,2026-01-09,Pb welding ,Meeting heming room,Ok Gamboa ,,
9/1/2026 10:36:06,Toyota,330,2026-01-09,Pb welding ,Meeting heming room,Ok Gamboa ,,
9/1/2026 10:54:31,Toyota,816,2026-01-09,Pb,Linea welding ,Mantenimiento ok,,
9/1/2026 10:54:32,Toyota,240,2026-01-09,Pb,Trim ,Mantenimiento ok,,
9/1/2026 10:54:32,Toyota,77,2026-01-09,Pb ,Meeting welding ,Mantenimiento ok,,
9/1/2026 10:54:33,Toyota,814,2026-01-09,Pb,Linea welding ,Mantenimiento ok,,
9/1/2026 10:54:33,Toyota,822,2026-01-09,Pb,Linea welding ,Mantenimiento ok,,
9/1/2026 10:54:34,Toyota,815,2026-01-09,Pb,Welding linea ,Mantenimiento ok,,
9/1/2026 10:54:34,Toyota,323,2026-01-09,Pb,Linea welding ,Mantenimiento ok,,
9/1/2026 10:54:35,Toyota,817,2026-01-09,Pb,Welding linea ,Mant,,
9/1/2026 10:54:35,Toyota,819,2026-01-09,Pb,Linea welding ,Mantenimiento ok,,
9/1/2026 10:54:36,Toyota,521,2026-01-09,Pb,Trim meeting ,Mantenimiento ok,,
9/1/2026 10:54:36,Toyota,827,2026-01-09,Pb,Linea welding ,Mantenimiento ok,,
9/1/2026 10:54:37,Toyota,480,2026-01-09,Pb,Meeting welding ,Mamtn,,
9/1/2026 10:54:37,Toyota,222,2026-01-09,Pb,Col g24,Mantenimiento ok,,
9/1/2026 10:54:38,Toyota,813,2026-01-09,Pb,Linea welding,Mantenimiento ok,,
9/1/2026 10:54:39,Toyota,822,2026-01-09,Pb ,Linea welding ,Mantenimiento ok,,
9/1/2026 10:54:40,Toyota,298,2026-01-09,Pb,Trim meeting,Mantenimiento ok,,
9/1/2026 10:54:40,Toyota,328,2026-01-09,Pb,Meeting welding ,Mantenimiento ok,,
9/1/2026 10:54:41,Toyota,820,2026-01-09,Pb,Linea welding ,Mantenimiento ok,,
9/1/2026 10:54:41,Toyota,818,2026-01-09,Pb,Linea welding ,Mantenimiento ok,,
9/1/2026 10:54:41,Toyota,821,2026-01-09,Pb,Linea welding ,Mantenimiento ok,,
9/1/2026 10:54:41,Toyota,826,2026-01-09,Pb,Linea welding ,Mantenimiento ok,,
9/1/2026 10:54:42,Toyota,327,2026-01-09,Pb,Meeting welding ,Mantenimiento ok,,
9/1/2026 10:54:42,Toyota,241,2026-01-09,Pb,Trim meeting ,Mantenimiento ok,,
9/1/2026 10:54:42,Toyota,236,2026-01-09,Pb,Trim meeting,Mantenimiento ok,,
9/1/2026 10:54:42,Toyota,348,2026-01-09,Pb,Trim meeting,Mantenimiento ok,,
9/1/2026 10:54:42,Toyota,325,2026-01-09,Pb,Meeting welding ,Mantenimiento ok,,
9/1/2026 10:54:42,Toyota,227,2026-01-09,Pb,Linea tream 42,Mantenimiento ok,,
9/1/2026 10:54:43,Toyota,297,2026-01-09,Pb,Trim meeting,Mantenimiento ok,,
9/1/2026 10:54:43,Toyota,329,2026-01-09,Pb,Meeting welding ,Mantenimiento ok,,
9/1/2026 10:54:43,Toyota,238,2026-01-09,Pb,Trim meeting ,Mantenimiento ok,,
9/1/2026 11:32:50,Toyota,583,2026-01-09,1 piso soon,Comedor,Ok Gamboa ,,
9/1/2026 11:33:11,Toyota,581,2026-01-09,Primer piso ,Asimra ,Mantenimiento ok,,
9/1/2026 11:33:46,Toyota,584,2026-01-09,1 piso Soon,Oficina Aula 4,Ok Gamboa ,,
9/1/2026 11:33:55,Toyota,582,2026-01-09,Primer piso,Asimra ,Mantenimiento ok,,
9/1/2026 11:46:28,Toyota,104,2026-01-09,Pb,Meeting mh,Mantenimiento ok,,
9/1/2026 11:47:11,Toyota,201,2026-01-09,Pb,Meeting mh,Mamten,,
9/1/2026 11:47:48,Toyota,79,2026-01-09,Pb,Mh meeting,Mantenimiento ok,,
9/1/2026 11:48:28,Toyota,226,2026-01-09,Pb,Meeting mh,Mantenimiento ok,,
9/1/2026 11:49:05,Toyota,830,2026-01-09,Pb,Mh meeting,Mantenimiento ok,,
9/1/2026 12:01:27,Toyota,600,2026-01-09,Pb,Oficina limpolux,Mantenimiento ok,,
9/1/2026 12:02:48,Toyota,74,2026-01-09,Pb,Oficina limpolux puerta 6,Mantenimiento ok,,
9/1/2026 12:03:39,Toyota,207,2026-01-09,Pb,Garita seguridad puerta 6,Mantenimiento ok,,
9/1/2026 12:04:34,Toyota,356,2026-01-09,Pb,Seguridad puerta 6,Mantenimiento ok,,
9/1/2026 12:05:30,Toyota,688,2026-01-09,Pb,Limpolux ,Mantenimiento ok,,
9/1/2026 12:06:05,Toyota,292,2026-01-09,Pb,Limpolux ,Mantenimiento ok,,
9/1/2026 12:06:59,Toyota,831,2026-01-09,Pb,Puerta 6 ,Mantenimiento ok,,
9/1/2026 12:07:33,Toyota,832,2026-01-09,Pb,Limpolux ,Mantenimiento ok,,
9/1/2026 12:08:11,Toyota,833,2026-01-09,Pb,Administración limpio,Mantenimiento ok,,
12/1/2026 8:07:46,Toyota,451,2026-01-12,Primer piso ,Mesanini,Mantenimiento ok,,
12/1/2026 8:08:19,Toyota,449,2026-01-12,Pb ,Oficina mesanini,Mantenimiento ok,,
12/1/2026 8:17:08,Toyota,450,2026-01-12,Primer piso ,Oficina mesanini,Mantenimiento ok,,
12/1/2026 8:17:09,Toyota,465,2026-01-12,Primer piso,Rrhh mesanini,Mantenimiento ok,,
12/1/2026 8:17:11,Toyota,464,2026-01-12,Primer piso ,Mesanini,Mantenimiento ok,,
12/1/2026 8:35:22,Toyota,407,2026-01-12,Pb,Linea welding ,Mantenimiento ok,,
12/1/2026 8:35:23,Toyota,406,2026-01-12,Pb,Linea welding ,Mantenimiento ok,,
12/1/2026 8:35:23,Toyota,408,2026-01-12,Pb,Linea welding ,Mantenimiento ok,,
12/1/2026 8:35:24,Toyota,400,2026-01-12,Pb,Linea welding ,Mantenimiento ok,,
12/1/2026 8:35:24,Toyota,402,2026-01-12,Pb ,Linea welding ,Mantenimiento ok,,
12/1/2026 8:35:24,Toyota,408,2026-01-12,Pb,Linea welding ,Mantenimiento ok,,
12/1/2026 8:35:25,Toyota,406,2026-01-12,Pb,Linea welding ,Mantenimiento ok,,
12/1/2026 8:35:25,Toyota,452,2026-01-12,Primer piso ,Oficina mesanini,Mantenimiento ok,,
12/1/2026 8:35:26,Toyota,471,2026-01-12,Pb,Linea de slat ,Mantenimiento ok,,
12/1/2026 8:35:28,Toyota,459,2026-01-12,Primer piso,Oficina mesanini,Mantenimiento ok,,
12/1/2026 8:35:28,Toyota,470,2026-01-12,Pb,Linea de slat,Mantenimiento ok,,
12/1/2026 8:35:29,Toyota,453,2026-01-12,Primer piso ,Mesanini,Mantenimiento ok,,
12/1/2026 8:35:29,Toyota,475,2026-01-12,Pb,Linea de slat ,Mantenimiento ok,,
12/1/2026 8:35:29,Toyota,474,2026-01-12,Pb,Linea de slat ,Mantenimiento ok,,
12/1/2026 8:35:30,Toyota,406,2026-01-12,Pb,Linea welding ,Mantenimiento ok,,
12/1/2026 8:35:30,Toyota,469,2026-01-12,Pb,Linea de slat ,Mantenimiento ok,,
12/1/2026 8:35:30,Toyota,472,2026-01-12,Pb,Linea de slat ,Mantenimiento ok,,
12/1/2026 8:35:31,Toyota,452,2026-01-12,Primer piso ,Oficina mesanini,Mantenimiento ok,,
12/1/2026 8:35:32,Toyota,470,2026-01-12,Pb,Linea de slat,Mantenimiento ok,,
12/1/2026 8:35:33,Toyota,405,2026-01-12,Pb,Linea welding ,Mantenimiento ok,,
12/1/2026 8:35:33,Toyota,471,2026-01-12,Pb,Linea de slat ,Mantenimiento ok,,
12/1/2026 8:35:33,Toyota,452,2026-01-12,Primer piso ,Oficina mesanini,Mantenimiento ok,,
12/1/2026 8:35:34,Toyota,465,2026-01-12,Pb,Linea de slat ,Mantenimiento ok ,,
12/1/2026 8:35:34,Toyota,406,2026-01-12,Pb,Linea welding ,Mantenimiento ok,,
12/1/2026 8:35:35,Toyota,453,2026-01-12,Primer piso ,Mesanini,Mantenimiento ok,,
12/1/2026 8:35:35,Toyota,472,2026-01-12,Pb,Linea de slat ,Mantenimiento ok,,
12/1/2026 8:35:35,Toyota,466,2026-01-12,Pb,Linea de slat,Mantenimiento ok,,
12/1/2026 8:35:35,Toyota,475,2026-01-12,Pb,Linea de slat ,Mantenimiento ok,,
12/1/2026 8:35:36,Toyota,459,2026-01-12,Primer piso,Oficina mesanini,Mantenimiento ok,,
12/1/2026 8:35:37,Toyota,474,2026-01-12,Pb,Linea de slat ,Mantenimiento ok,,
12/1/2026 8:35:37,Toyota,402,2026-01-12,Pb ,Linea welding ,Mantenimiento ok,,
12/1/2026 8:35:38,Toyota,468,2026-01-12,Pb,Linea de slat ,Mantenimiento ok,,
12/1/2026 8:35:39,Toyota,829,2026-01-12,Pb,Linea welding ,Mantenimiento ok,,
12/1/2026 8:35:39,Toyota,404,2026-01-12,Pb,Linea welding ,Mantenimiento ok,,
12/1/2026 8:36:21,Toyota,463,2026-01-12,Primer piso,Mesanini,Mantenimiento ok,,
12/1/2026 8:38:37,Toyota,798,2026-01-12,Pb,Col b24,Mantenimiento ok,,
12/1/2026 8:39:32,Toyota,799,2026-01-12,Pb,Taller welding ,Mantenimiento ok,,
12/1/2026 8:50:23,Toyota,420,2026-01-12,Pb,Linea,Mantenimiento ok,,
12/1/2026 9:04:40,Toyota,620,2026-01-12,Pb,Mantenimiento de soldadura,Mantenimiento ok,,
12/1/2026 9:44:53,Toyota,455,2026-01-12,Pb,Meeting welding ,Mantenimiento ok,,
12/1/2026 9:44:54,Toyota,841,2026-01-12,Pb,Meeting welding ,Mantenimiento ok,,
12/1/2026 9:44:54,Toyota,801,2026-01-12,Pb,Col 20 welding,Mantenimiento ok,,
12/1/2026 9:44:55,Toyota,488,2026-01-12,Pb,Meeting welding ,Mantenimiento ok,,
12/1/2026 9:44:55,Toyota,494,2026-01-12,Pb,Meeting welding ,Mantenimiento ok,,
12/1/2026 9:44:56,Toyota,478,2026-01-12,Pb,Meeting welding ,Mantenimiento ok,,
12/1/2026 9:44:56,Toyota,843,2026-01-12,Pb,Linea welding ,Mantenimiento ok,,
12/1/2026 9:44:57,Toyota,488,2026-01-12,Pb,Meeting welding ,Mantenimiento ok,,
12/1/2026 9:44:57,Toyota,414,2026-01-12,Pb,Welding ,Mantenimiento ok,,
12/1/2026 9:44:58,Toyota,415,2026-01-12,Pb,Linea welding ,Mantenimiento ok,,
12/1/2026 9:44:58,Toyota,478,2026-01-12,Pb,Meeting welding ,Mantenimiento ok,,
12/1/2026 9:44:58,Toyota,416,2026-01-12,Pb,Welding ,Mantenimiento ok,,
12/1/2026 9:44:59,Toyota,800,2026-01-12,Pb,Welding,Mantenimiento ok,,
12/1/2026 9:44:59,Toyota,455,2026-01-12,Pb,Meeting welding ,Mantenimiento ok,,
12/1/2026 9:45:00,Toyota,494,2026-01-12,Pb,Meeting welding ,Mantenimiento ok,,
12/1/2026 9:45:01,Toyota,832,2026-01-12,Pb ,A 18,Mantenimiento ok,,
12/1/2026 9:45:02,Toyota,831,2026-01-12,Pb,Col a19,Mantenimiento ok,,
12/1/2026 9:45:02,Toyota,834,2026-01-12,Pb,Welding linea ,Mantenimiento ok,,
12/1/2026 9:45:03,Toyota,833,2026-01-12,Pb,Dolly zone 6 ,Mantenimiento ok,,
12/1/2026 9:45:03,Toyota,486,2026-01-12,Pb,Meeting welding ,Mantenimiento ok,,
12/1/2026 9:45:04,Toyota,841,2026-01-12,Pb,Meeting welding ,Mantenimiento ok,,
12/1/2026 9:45:05,Toyota,843,2026-01-12,Pb,Linea welding ,Mantenimiento ok,,
12/1/2026 9:45:05,Toyota,488,2026-01-12,Pb,Meeting welding ,Mantenimiento ok,,
12/1/2026 9:45:06,Toyota,485,2026-01-12,Pb,Meeting welding ,Mantenimiento ok,,
12/1/2026 9:45:06,Toyota,481,2026-01-12,Pb,Meeting welding ,Mantenimiento ok,,
12/1/2026 9:45:06,Toyota,478,2026-01-12,Pb,Meeting welding ,Mantenimiento ok,,
12/1/2026 9:45:06,Toyota,491,2026-01-12,Pb,Meeting welding ,Mantenimiento ,,
12/1/2026 9:45:06,Toyota,490,2026-01-12,Pb,Linea welding ,Mantenimiento ok,,
12/1/2026 9:45:07,Toyota,455,2026-01-12,Pb,Meeting welding ,Mantenimiento ok,,
12/1/2026 9:45:07,Toyota,492,2026-01-12,Pb ,Meeting welding ,Mantenimiento ok,,
12/1/2026 9:45:07,Toyota,842,2026-01-12,Pb,Linea welding ,Mantenimiento ok,,
12/1/2026 9:45:08,Toyota,412,2026-01-12,Pb,Pañol de welding ,Mantenimiento ok,,
12/1/2026 9:45:08,Toyota,493,2026-01-12,Pb,Meeting welding ,Mantenimiento ok,,
12/1/2026 9:45:08,Toyota,416,2026-01-12,Pb,Welding ,Mantenimiento ok,,
12/1/2026 9:45:08,Toyota,414,2026-01-12,Pb,Welding ,Mantenimiento ok,,
12/1/2026 9:45:09,Toyota,801,2026-01-12,Pb,Col 20 welding,Mantenimiento ok,,
12/1/2026 9:45:09,Toyota,800,2026-01-12,Pb,Welding,Mantenimiento ok,,
12/1/2026 9:45:09,Toyota,842,2026-01-12,Pb,Linea welding ,Mantenimiento ok,,
12/1/2026 9:45:09,Toyota,491,2026-01-12,Pb,Meeting welding ,Mantenimiento ,,
12/1/2026 9:45:09,Toyota,415,2026-01-12,Pb,Linea welding ,Mantenimiento ok,,
12/1/2026 9:45:09,Toyota,275,2026-01-12,Pb,Foza de ensamble ,Mantenimiento ok,,
12/1/2026 9:45:09,Toyota,843,2026-01-12,Pb,Linea welding ,Mantenimiento ok,,
12/1/2026 9:45:10,Toyota,833,2026-01-12,Pb,Dolly zone 6 ,Mantenimiento ok,,
12/1/2026 9:45:10,Toyota,412,2026-01-12,Pb,Pañol de welding ,Mantenimiento ok,,
12/1/2026 9:45:11,Toyota,408,2026-01-12,Pb,Welding banco de trabajo ,Mantenimiento ok,,
12/1/2026 9:45:11,Toyota,841,2026-01-12,Pb,Meeting welding ,Mantenimiento ok,,
12/1/2026 9:45:11,Toyota,72,2026-01-12,Pb,Welding banco de trabajo ,Mantenimiento ok,,
12/1/2026 9:45:12,Toyota,832,2026-01-12,Pb ,A 18,Mantenimiento ok,,
12/1/2026 9:45:12,Toyota,834,2026-01-12,Pb,Welding linea ,Mantenimiento ok,,
12/1/2026 9:45:12,Toyota,831,2026-01-12,Pb,Col a19,Mantenimiento ok,,
12/1/2026 9:45:12,Toyota,842,2026-01-12,Pb,Linea welding ,Mantenimiento ok,,
12/1/2026 9:45:12,Toyota,490,2026-01-12,Pb,Linea welding ,Mantenimiento ok,,
12/1/2026 9:45:12,Toyota,481,2026-01-12,Pb,Meeting welding ,Mantenimiento ok,,
12/1/2026 9:45:13,Toyota,831,2026-01-12,Pb,Col a19,Mantenimiento ok,,
12/1/2026 9:45:13,Toyota,841,2026-01-12,Pb,Meeting welding ,Mantenimiento ok,,
12/1/2026 9:45:13,Toyota,478,2026-01-12,Pb,Meeting welding ,Mantenimiento ok,,
12/1/2026 9:45:14,Toyota,72,2026-01-12,Pb,Welding banco de trabajo ,Mantenimiento ok,,
12/1/2026 9:45:14,Toyota,410,2026-01-12,Pb,Welding banco de trabajo ,Mantenimiento ok,,
12/1/2026 9:45:15,Toyota,410,2026-01-12,Pb,Welding banco de trabajo ,Mantenimiento ok,,
12/1/2026 9:45:16,Toyota,801,2026-01-12,Pb,Col 20 welding,Mantenimiento ok,,
12/1/2026 9:45:16,Toyota,834,2026-01-12,Pb,Welding linea ,Mantenimiento ok,,
12/1/2026 9:45:17,Toyota,832,2026-01-12,Pb ,A 18,Mantenimiento ok,,
12/1/2026 9:45:17,Toyota,830,2026-01-12,Pb,Norte nuevo,Mantenimiento ok,,
12/1/2026 9:45:17,Toyota,831,2026-01-12,Pb,Col a19,Mantenimiento ok,,
12/1/2026 9:45:18,Toyota,833,2026-01-12,Pb,Dolly zone 6 ,Mantenimiento ok,,
12/1/2026 9:45:18,Toyota,485,2026-01-12,Pb,Meeting welding ,Mantenimiento ok,,
12/1/2026 9:45:19,Toyota,486,2026-01-12,Pb,Meeting welding ,Mantenimiento ok,,
12/1/2026 9:45:19,Toyota,481,2026-01-12,Pb,Meeting welding ,Mantenimiento ok,,
12/1/2026 9:45:20,Toyota,841,2026-01-12,Pb,Meeting welding ,Mantenimiento ok,,
12/1/2026 9:45:20,Toyota,478,2026-01-12,Pb,Meeting welding ,Mantenimiento ok,,
12/1/2026 9:45:21,Toyota,842,2026-01-12,Pb,Linea welding ,Mantenimiento ok,,
12/1/2026 9:45:21,Toyota,488,2026-01-12,Pb,Meeting welding ,Mantenimiento ok,,
12/1/2026 9:45:22,Toyota,490,2026-01-12,Pb,Linea welding ,Mantenimiento ok,,
12/1/2026 9:45:22,Toyota,843,2026-01-12,Pb,Linea welding ,Mantenimiento ok,,
12/1/2026 9:45:22,Toyota,491,2026-01-12,Pb,Meeting welding ,Mantenimiento ,,
12/1/2026 9:45:23,Toyota,800,2026-01-12,Pb,Welding,Mantenimiento ok,,
12/1/2026 9:45:23,Toyota,403,2026-01-12,Pb,Linea welding ,Mantenimiento ok,,
12/1/2026 9:45:24,Toyota,416,2026-01-12,Pb,Welding ,Mantenimiento ok,,
12/1/2026 9:45:24,Toyota,800,2026-01-12,Pb,Welding,Mantenimiento ok,,
12/1/2026 9:45:24,Toyota,275,2026-01-12,Pb,Foza de ensamble ,Mantenimiento ok,,
12/1/2026 9:45:25,Toyota,412,2026-01-12,Pb,Pañol de welding ,Mantenimiento ok,,
12/1/2026 9:45:25,Toyota,830,2026-01-12,Pb,Norte nuevo,Mantenimiento ok,,
12/1/2026 9:45:25,Toyota,410,2026-01-12,Pb,Welding banco de trabajo ,Mantenimiento ok,,
12/1/2026 9:45:26,Toyota,831,2026-01-12,Pb,Col a19,Mantenimiento ok,,
12/1/2026 9:45:26,Toyota,833,2026-01-12,Pb,Dolly zone 6 ,Mantenimiento ok,,
12/1/2026 9:45:27,Toyota,408,2026-01-12,Pb,Welding banco de trabajo ,Mantenimiento ok,,
12/1/2026 9:45:27,Toyota,72,2026-01-12,Pb,Welding banco de trabajo ,Mantenimiento ok,,
12/1/2026 9:45:27,Toyota,486,2026-01-12,Pb,Meeting welding ,Mantenimiento ok,,
12/1/2026 9:45:28,Toyota,801,2026-01-12,Pb,Col 20 welding,Mantenimiento ok,,
12/1/2026 9:45:29,Toyota,410,2026-01-12,Pb,Welding banco de trabajo ,Mantenimiento ok,,
12/1/2026 9:45:29,Toyota,832,2026-01-12,Pb ,A 18,Mantenimiento ok,,
12/1/2026 9:45:30,Toyota,481,2026-01-12,Pb,Meeting welding ,Mantenimiento ok,,
12/1/2026 9:45:31,Toyota,485,2026-01-12,Pb,Meeting welding ,Mantenimiento ok,,
12/1/2026 9:45:34,Toyota,403,2026-01-12,Pb,Linea welding ,Mantenimiento ok,,
12/1/2026 9:45:34,Toyota,492,2026-01-12,Pb ,Meeting welding ,Mantenimiento ok,,
12/1/2026 9:45:34,Toyota,834,2026-01-12,Pb,Welding linea ,Mantenimiento ok,,
12/1/2026 9:45:35,Toyota,412,2026-01-12,Pb,Pañol de welding ,Mantenimiento ok,,
12/1/2026 9:45:36,Toyota,72,2026-01-12,Pb,Welding banco de trabajo ,Mantenimiento ok,,
12/1/2026 9:45:36,Toyota,275,2026-01-12,Pb,Foza de ensamble ,Mantenimiento ok,,
12/1/2026 9:45:36,Toyota,408,2026-01-12,Pb,Welding banco de trabajo ,Mantenimiento ok,,
12/1/2026 9:45:37,Toyota,801,2026-01-12,Pb,Col 20 welding,Mantenimiento ok,,
12/1/2026 9:45:37,Toyota,831,2026-01-12,Pb,Col a19,Mantenimiento ok,,
12/1/2026 9:45:38,Toyota,834,2026-01-12,Pb,Welding linea ,Mantenimiento ok,,
12/1/2026 9:45:38,Toyota,416,2026-01-12,Pb,Welding ,Mantenimiento ok,,
12/1/2026 9:45:38,Toyota,410,2026-01-12,Pb,Welding banco de trabajo ,Mantenimiento ok,,
12/1/2026 9:45:39,Toyota,410,2026-01-12,Pb,Welding banco de trabajo ,Mantenimiento ok,,
12/1/2026 9:45:39,Toyota,833,2026-01-12,Pb,Dolly zone 6 ,Mantenimiento ok,,
12/1/2026 9:45:41,Toyota,832,2026-01-12,Pb ,A 18,Mantenimiento ok,,
12/1/2026 9:45:41,Toyota,481,2026-01-12,Pb,Meeting welding ,Mantenimiento ok,,
12/1/2026 9:45:42,Toyota,455,2026-01-12,Pb,Meeting welding ,Mantenimiento ok,,
12/1/2026 9:45:44,Toyota,491,2026-01-12,Pb,Meeting welding ,Mantenimiento ,,
12/1/2026 9:45:44,Toyota,830,2026-01-12,Pb,Norte nuevo,Mantenimiento ok,,
12/1/2026 9:45:45,Toyota,492,2026-01-12,Pb ,Meeting welding ,Mantenimiento ok,,
12/1/2026 9:45:45,Toyota,486,2026-01-12,Pb,Meeting welding ,Mantenimiento ok,,
12/1/2026 9:45:45,Toyota,485,2026-01-12,Pb,Meeting welding ,Mantenimiento ok,,
12/1/2026 9:45:46,Toyota,842,2026-01-12,Pb,Linea welding ,Mantenimiento ok,,
12/1/2026 9:45:47,Toyota,493,2026-01-12,Pb,Meeting welding ,Mantenimiento ok,,
12/1/2026 11:21:39,Toyota,496,2026-01-12,Pb,Meeting welding ,Mantenimiento ok,,
12/1/2026 11:21:39,Toyota,519,2026-01-12,Primer piso ,Oficina jefes mh,Mantenimiento ok,,
12/1/2026 11:21:40,Toyota,521,2026-01-12,Pb,Meeting ip,Mantenimiento ok,,
12/1/2026 11:21:40,Toyota,525,2026-01-12,Pb,Meeting f15,Mantenimiento ok,,
12/1/2026 11:21:42,Toyota,842,2026-01-12,Pb,Linea welding ,Mantenimiento ok,,
12/1/2026 11:21:42,Toyota,549,2026-01-12,Pb,Meeting mh,Mantenimiento ok,,
12/1/2026 11:21:43,Toyota,484,2026-01-12,Pb,Mh,Mantenimiento ok,,
12/1/2026 11:21:43,Toyota,478,2026-01-12,Pb,Meeting welding ,Mantenimiento ok,,
12/1/2026 11:21:44,Toyota,522,2026-01-12,Pb,Meeting ip,Mantenimiento ok,,
12/1/2026 11:21:45,Toyota,494,2026-01-12,Pb,Meeting welding ,Mantenimiento ok,,
12/1/2026 11:21:45,Toyota,524,2026-01-12,Pb,Meeting f15,Mantenimiento ok,,
12/1/2026 11:21:45,Toyota,488,2026-01-12,Pb,Meeting welding ,Mantenimiento ok,,
12/1/2026 11:21:46,Toyota,526,2026-01-12,Pb,Meeting f15,Mantenimiento ok,,
12/1/2026 11:21:47,Toyota,800,2026-01-12,Pb,Welding,Mantenimiento ok,,
12/1/2026 11:21:47,Toyota,495,2026-01-12,Pb,Meeting mh,Mantenimiento ok,,
12/1/2026 11:21:47,Toyota,523,2026-01-12,Pb,Meeting ip,Mantenimiento ok,,
12/1/2026 11:21:48,Toyota,518,2026-01-12,Primer piso ,Oficina jefes mh,Mantenimiento ok,,
12/1/2026 11:21:49,Toyota,485,2026-01-12,Pb,Meeting welding ,Mantenimiento ok,,
12/1/2026 11:21:49,Toyota,843,2026-01-12,Pb,Linea welding ,Mantenimiento ok,,
12/1/2026 11:22:16,Toyota,426,2026-01-12,Pb,Meeting banco de trabajo ,Mantenimiento ok,,
12/1/2026 11:23:20,Toyota,427,2026-01-12,Pb,Meeting banco de trabajo ,Mantenimiento ok,,
12/1/2026 11:24:08,Toyota,431,2026-01-12,Pb,Meeting banco de trabajo ,Mantenimiento ok,,
12/1/2026 11:24:56,Toyota,430,2026-01-12,Pb,Meeting banco de trabajo ,Mantenimiento ok,,
12/1/2026 11:25:44,Toyota,428,2026-01-12,Pb,Meeting banco de trabajo ,Mantenimiento ok,,
12/1/2026 11:26:43,Toyota,430,2026-01-12,Pb,Meeting banco de trabajo ,Mantenimiento ok,,
12/1/2026 11:27:36,Toyota,429,2026-01-12,Pb,Meeting banco de trabajo ,Mantenimiento ok,,
12/1/2026 11:31:36,Toyota,836,2026-01-12,Pb,Welding ,Mantenimiento ok,,
12/1/2026 11:32:23,Toyota,837,2026-01-12,Pb,Welding ,Mantenimiento ok,,
12/1/2026 11:32:51,Toyota,838,2026-01-12,Pb,Welding ,Mantenimiento ok,,
12/1/2026 11:33:26,Toyota,839,2026-01-12,Pb,Welding ,Mantenimiento ok,,
12/1/2026 11:33:28,Toyota,839,2026-01-12,Pb,Welding ,Mantenimiento ok,,
12/1/2026 11:33:53,Toyota,840,2026-01-12,Pb,Welding ,Mantenimiento ok,,
12/1/2026 11:34:23,Toyota,841,2026-01-12,Pb,Welding ,Mantenimiento ok,,
12/1/2026 11:57:30,Toyota,841,2026-01-12,Pb,Welding ,Mantenimiento ok,,
12/1/2026 14:24:03,Toyota,999,2026-01-12,Pb,Linea welding ,Ok,,
13/1/2026 7:27:12,Toyota,586,2026-01-13,Pb,Comedor 2,Mantenimiento ok,,
13/1/2026 7:56:08,Toyota,564,2026-01-13,Pb,Meeting mh,Mantenimiento ok,,
13/1/2026 7:56:56,Toyota,578,2026-01-13,Pb,Mh,Mantenimiento ok,,
13/1/2026 8:01:02,Toyota,579,2026-01-13,Pb,Mh ,Mantenimiento ok,,
13/1/2026 8:01:03,Toyota,558,2026-01-13,Pb,Mh,Mantenimiento ok,,
13/1/2026 8:01:06,Toyota,577,2026-01-13,Pb,Mh,Mantenimiento ok,,
13/1/2026 8:02:49,Toyota,565,2026-01-13,Pb,Mh locales ,Mantenimiento ok,,
13/1/2026 8:03:05,Toyota,565,2026-01-13,Pb,Mh locales ,Mantenimiento ok,,
13/1/2026 8:03:18,Toyota,552,2026-01-13,Pb,Mh locales ,Mantenimiento ok,,
13/1/2026 8:04:37,Toyota,563,2026-01-13,Pb,Mh ,Mantenimiento ok,,
13/1/2026 8:17:08,Toyota,560,2026-01-13,Pb,Mh,Mantenimiento ok,,
13/1/2026 8:17:08,Toyota,562,2026-01-13,Pb,Mh,Mantenimiento ok,,
13/1/2026 8:17:09,Toyota,575,2026-01-13,Pb,Mh,Mantenimiento ok,,
13/1/2026 8:17:09,Toyota,551,2026-01-13,Pb,Mh,Mantenimiento ok,,
13/1/2026 8:17:10,Toyota,557,2026-01-13,Pb,Mh,Mantenimiento ok,,
13/1/2026 8:17:10,Toyota,575,2026-01-13,Pb,Mh,Mantenimiento ok,,
13/1/2026 8:17:11,Toyota,559,2026-01-13,Pb,Mh,Mantenimiento ok,,
13/1/2026 8:17:11,Toyota,553,2026-01-13,Pb,Mh,Mantenimiento ok,,
13/1/2026 8:17:12,Toyota,554,2026-01-13,Pb,Mh,Mantenimiento ok,,
13/1/2026 8:17:23,Toyota,576,2026-01-13,Pb,Mh,Mantenimiento ok,,
13/1/2026 8:18:16,Toyota,569,2026-01-13,Pb,Mh,Mantenimiento ok,,
13/1/2026 8:19:04,Toyota,568,2026-01-13,Pb,Mh,Mantenimiento ok,,
13/1/2026 8:19:32,Toyota,556,2026-01-13,Pb,Mh,Mantenimiento ok,,
13/1/2026 8:20:14,Toyota,550,2026-01-13,Pb,Mh,Mantenimiento ok,,
13/1/2026 8:20:43,Toyota,71,2026-01-13,Pb,Mh,Mantenimiento ok,,
13/1/2026 8:21:20,Toyota,567,2026-01-13,Pb,Mh,Mantenimiento ok,,
13/1/2026 8:26:42,Toyota,572,2026-01-13,Pb,Mh,Mantenimiento ok,,
13/1/2026 8:31:28,Toyota,845,2026-01-13,Pb,Mh,Mantenimiento ok,,
13/1/2026 8:31:58,Toyota,846,2026-01-13,Pb,Mh,Mantenimiento ok,,
13/1/2026 8:32:22,Toyota,847,2026-01-13,Pb,Mh,Mantenimiento ok,,
13/1/2026 8:32:47,Toyota,571,2026-01-13,Pb,Mh,Mantenimiento ok,,
13/1/2026 8:33:14,Toyota,572,2026-01-13,Pb,Mh,Mantenimiento ok,,
13/1/2026 8:36:20,Toyota,555,2026-01-13,Pb,Mh,Mantenimiento ok,,
13/1/2026 8:36:23,Toyota,555,2026-01-13,Pb,Mh,Mantenimiento ok,,
13/1/2026 8:36:52,Toyota,848,2026-01-13,Pb,Mh,Mantenimiento ok,,
13/1/2026 8:42:04,Toyota,529,2026-01-13,Pb ,Mh,Mantenimiento ok,,
13/1/2026 8:42:30,Toyota,531,2026-01-13,Ob,Mh,Mantenimiento ok,,
13/1/2026 8:42:55,Toyota,528,2026-01-13,Pb,Mh,Mantenimiento ok,,
13/1/2026 8:45:00,Toyota,849,2026-01-13,Pb,Mh,Mantenimiento ok,,
13/1/2026 8:45:43,Toyota,530,2026-01-13,Pb,Mh,Mantenimiento ok,,
13/1/2026 8:52:16,Toyota,527,2026-01-13,Pb,Mh gl,Mantenimiento ok,,
13/1/2026 9:01:12,Toyota,662,2026-01-13,Pb,Press,Mantenimiento ok,,
13/1/2026 9:02:06,Toyota,519,2026-01-13,Pb,Press,Mantenimiento ok,,
13/1/2026 9:02:51,Toyota,499,2026-01-13,Pb,Press,Mantenimiento ok,,
13/1/2026 9:03:16,Toyota,500,2026-01-13,Pb,Press,Mantenimiento ok,,
13/1/2026 9:03:49,Toyota,517,2026-01-13,Pb,Press,Mantenimiento ok,,
13/1/2026 9:34:55,Toyota,513,2026-01-13,Pb,Press,Mantenimiento ok,,
13/1/2026 9:36:42,Toyota,512,2026-01-13,Pb,Press,Mantenimiento ok,,
13/1/2026 9:37:05,Toyota,511,2026-01-13,Pb,Press,Mantenimiento ok,,
13/1/2026 10:13:41,Toyota,850,2026-01-13,Pb,Ensamble final ,Mantenimiento ok,,
13/1/2026 10:13:41,Toyota,212,2026-01-13,Pb,Ensamble final ,Mantenimiento ok,,
13/1/2026 10:13:42,Toyota,209,2026-01-13,Pb,Ensamble final ,Mantenimiento ok,,
13/1/2026 10:13:42,Toyota,210,2026-01-13,Pb,Ensamble final ,Mantenimiento ok,,
13/1/2026 10:13:43,Toyota,205,2026-01-13,Pb,Ensamble final ,Mantenimiento ok,,
13/1/2026 10:13:43,Toyota,206,2026-01-13,Pb,Ensamble final ,Mantenimiento ok,,
13/1/2026 10:13:43,Toyota,208,2026-01-13,Pb,Ensamble final ,Mantenimiento ok,,
13/1/2026 10:13:46,Toyota,204,2026-01-13,Pb,Ensamble final ,Mantenimiento ok,,
13/1/2026 10:13:47,Toyota,341,2026-01-13,Pb,Gimnasio 1,Mantenimiento ok,,
13/1/2026 10:13:47,Toyota,340,2026-01-13,Pb,Gimnasio 1,Mantenimiento ok,,
13/1/2026 10:17:39,Toyota,520,2026-01-13,Pb,Ensamble final ,Mantenimiento ok,,
13/1/2026 10:28:19,Toyota,336,2026-01-13,Pb,Portería 1,Mantenimiento ok,,
13/1/2026 10:29:07,Toyota,338,2026-01-13,Pb,Servicios medicos,Mantenimiento ok,,
13/1/2026 10:29:34,Toyota,339,2026-01-13,Pb,Servicios medicos ,Mantenimiento ok,,
13/1/2026 10:30:56,Toyota,343,2026-01-13,Pb,Seguridad ,Mantenimiento ok,,
13/1/2026 10:31:33,Toyota,342,2026-01-13,Pb,Prosegur ,Mantenimiento ok,,
13/1/2026 10:33:22,Toyota,344,2026-01-13,Pb,Smata,Mantenimiento ok,,
13/1/2026 10:33:56,Toyota,345,2026-01-13,Pb,Smata,Mantenimiento ok,,
13/1/2026 10:34:24,Toyota,346,2026-01-13,Pb,Smata,Mantenimiento ok,,
13/1/2026 10:35:00,Toyota,347,2026-01-13,Pb,Smata,Mantenimiento ok,,
13/1/2026 10:59:32,Toyota,351,2026-01-13,Pb,Prosegur ,Mantenimiento ok,,
13/1/2026 11:00:22,Toyota,852,2026-01-13,Pb,Laboratorio ,Mantenimiento ok,,
13/1/2026 11:10:57,Toyota,514,2026-01-13,Pb,Press,Mantenimiento pk,,
13/1/2026 11:11:29,Toyota,515,2026-01-13,Pb,Press,Mantenimiento ok,,
13/1/2026 11:11:54,Toyota,516,2026-01-13,Pb,Press,Mantenimiento ok,,
13/1/2026 11:13:19,Toyota,517,2026-01-13,Pb,Press,Mantenimiento ok,,
13/1/2026 11:13:45,Toyota,510,2026-01-13,Pb,Press,Mantenimiento ok,,
13/1/2026 11:17:08,Toyota,503,2026-01-13,Pb,Press,Mantenimiento ok,,
13/1/2026 11:17:39,Toyota,502,2026-01-13,Pb,Press,Mantenimiento ok,,
13/1/2026 11:18:03,Toyota,504,2026-01-13,Pb,Press,Mantenimiento ok,,
13/1/2026 11:19:19,Toyota,505,2026-01-13,Pb,Press,Mantenimiento ok,,
13/1/2026 11:25:51,Toyota,506,2026-01-13,Pb,Press,Mantenimiento ok,,
13/1/2026 11:26:11,Toyota,507,2026-01-13,Pb,Press,Mantenimiento ok,,
13/1/2026 11:27:17,Toyota,508,2026-01-13,Pb,Press,Mantenimiento ok,,
13/1/2026 11:27:41,Toyota,509,2026-01-13,Pb,Press,Mantenimiento ok,,
14/1/2026 7:59:52,Toyota,246,2026-01-14,Ob,Meeting motores ,Mantenimiento ok,,
14/1/2026 8:05:14,Toyota,851,2026-01-14,Pb,Meeting motores ,,,
14/1/2026 8:06:00,Toyota,852,2026-01-14,Pb,Meeting motores ,Mantenimiento ok,,
14/1/2026 8:09:08,Toyota,247,2026-01-14,Pb,Meeting motores ,Mantenimiento ok,,
14/1/2026 8:09:47,Toyota,248,2026-01-14,Pb,Meeting motores ,Mantenimiento ok,,
14/1/2026 8:15:13,Toyota,249,2026-01-14,Pb,Linea motores ,Mantenimiento ok,,
14/1/2026 8:15:54,Toyota,853,2026-01-14,Pb,Motores,Mantenimiento ok,,
14/1/2026 8:16:17,Toyota,132,2026-01-14,Pb,Motores ,Mantenimiento ok,,
14/1/2026 8:16:57,Toyota,854,2026-01-14,Pb,Motores,Mantenimiento ok,,
14/1/2026 8:17:32,Toyota,250,2026-01-14,Pb,Motores,Mantenimiento ok,,
14/1/2026 8:19:36,Toyota,253,2026-01-14,Pb,Meeting motores,Mantenimiento ok,,
14/1/2026 8:20:08,Toyota,254,2026-01-14,Pb,Motores,Mantenimiento ok,,
14/1/2026 8:27:20,Toyota,249,2026-01-14,Pb,Motores,Mantenimiento ok,,
14/1/2026 8:27:43,Toyota,250,2026-01-14,Pb,Motores,Mantenimiento ok,,
14/1/2026 8:28:08,Toyota,251,2026-01-14,Pb,Motores,Mantenimiento ok,,
14/1/2026 8:28:38,Toyota,252,2026-01-14,Pb,Motores,Mantenimiento ok,,
14/1/2026 8:29:09,Toyota,317,2026-01-14,Pb,Motores,Mantenimiento ok,,
14/1/2026 8:29:35,Toyota,265,2026-01-14,Pb,Motores,Mantenimiento ok,,
14/1/2026 8:34:19,Toyota,255,2026-01-14,Pb,Motores,Mantenimiento ok,,
14/1/2026 8:34:21,Toyota,255,2026-01-14,Pb,Motores,Mantenimiento ok,,
14/1/2026 8:34:40,Toyota,261,2026-01-14,Pb,Motores,Mantenimiento ok,,
14/1/2026 8:35:08,Toyota,263,2026-01-14,Pb,Motores,Mantenimiento ok,,
14/1/2026 8:36:59,Toyota,256,2026-01-14,Pb,Motores,Mantenimiento ok,,
14/1/2026 8:37:27,Toyota,316,2026-01-14,Pb,Motores,Mantenimiento ok,,
14/1/2026 8:43:38,Toyota,258,2026-01-14,Pb,Motores ,Mantenimiento ok,,
14/1/2026 8:44:14,Toyota,257,2026-01-14,Pb,Motores,Mantenimiento ok,,
14/1/2026 8:44:42,Toyota,260,2026-01-14,Pb,Motores,Mantenimiento ok,,
14/1/2026 8:45:05,Toyota,259,2026-01-14,Pb,Motores,Mantenimiento ok,,
14/1/2026 8:47:41,Toyota,267,2026-01-14,Pb,Motores,Mantenimiento ok,,
14/1/2026 8:48:36,Toyota,267,2026-01-14,Pb,Motores,Mantenimiento ok,,
14/1/2026 8:52:37,Toyota,267,2026-01-14,Pb,Motores,Mantenimiento ok,,
14/1/2026 8:52:56,Toyota,271,2026-01-14,Pb,Taller motores ,Mantenimiento ok,,
14/1/2026 8:55:27,Toyota,547,2026-01-14,Pb,Vumper,Mantenimiento ok,,
14/1/2026 8:56:02,Toyota,742,2026-01-14,Pb,Vumper ,Mantenimiento ok,,
14/1/2026 8:57:52,Toyota,533,2026-01-14,Pb,Vumper,Mantenimiento ok,,
14/1/2026 8:58:20,Toyota,533,2026-01-14,Pb,Vumper,Mantenimiento ok,,
14/1/2026 8:58:50,Toyota,536,2026-01-14,Pb,Vumper,Mantenimiento ok,,
14/1/2026 9:01:56,Toyota,535,2026-01-14,Pb,Vumper,Mantenimiento ok,,
14/1/2026 9:03:36,Toyota,537,2026-01-14,Pb,Vumper,Mantenimiento ok,,
14/1/2026 9:04:05,Toyota,539,2026-01-14,Pb,Vumper,Mantenimiento ok,,
14/1/2026 9:04:30,Toyota,855,2026-01-14,Pb,Vumper ,Mantenimiento ok,,
14/1/2026 9:06:06,Toyota,541,2026-01-14,Primer piso ,Meeting vumper,Mantenimiento ok,,
14/1/2026 9:07:37,Toyota,542,2026-01-14,Primer piso,Oficina jefes vumper,Mantenimiento ok,,
14/1/2026 9:10:55,Toyota,540,2026-01-14,Pb,Vumper Linea,Mantenimiento ok,,
14/1/2026 9:11:27,Toyota,540,2026-01-14,Pb,Vumper Linea,Mantenimiento ok,,
14/1/2026 9:11:50,Toyota,548,2026-01-14,Pb,Oficina vumper,Mantenimiento ok,,
14/1/2026 9:14:26,Toyota,544,2026-01-14,Pb,Vumper linea ,Mantenimiento ok,,
14/1/2026 9:15:12,Toyota,545,2026-01-14,Pb,Vumper,Mantenimiento ok,,
14/1/2026 9:25:46,Toyota,538,2026-01-14,Pb,Vumper ,Mantenimiento ok,,
14/1/2026 9:26:23,Toyota,856,2026-01-14,Pb,Vumper,Mantenimiento ok,,
14/1/2026 9:27:05,Toyota,859,2026-01-14,Pb,Vumper ,Mantenimiento ok,,
14/1/2026 9:28:01,Toyota,860,2026-01-14,Pb,Vumper,Mantenimiento ok,,
14/1/2026 9:29:21,Toyota,862,2026-01-14,Pb,Vumper,Mantenimiento ok,,
14/1/2026 9:29:51,Toyota,863,2026-01-14,Pb,Vumper,Mantenimiento ok,,
14/1/2026 9:37:56,Toyota,545,2026-01-14,Pb,Vumper ,Mantenimiento ok,,
14/1/2026 9:38:31,Toyota,655,2026-01-14,Pb,Vumper ,Mantenimiento ok,,
14/1/2026 9:43:58,Toyota,660,2026-01-14,Pb,Planta con potaje,Mantenimiento ok,,
14/1/2026 9:44:24,Toyota,559,2026-01-14,Pb,Planta con potaje,Mantenimiento ok,,
14/1/2026 9:59:31,Toyota,864,2026-01-14,Pb,Limpiolux repuestos,Mantenimiento ok,,
14/1/2026 10:01:47,Toyota,205,2026-01-14,Pb ,Repuestos ,Mantenimiento ok,,
14/1/2026 10:02:12,Toyota,183,2026-01-14,Pb,Taller repuestos ,Mantenimiento ok,,
14/1/2026 10:02:53,Toyota,179,2026-01-14,Pb,Repuestos ,Mantenimiento ok,,
14/1/2026 10:03:29,Toyota,181,2026-01-14,Pb,Repuestos ,Mantenimiento ok,,
14/1/2026 10:03:56,Toyota,182,2026-01-14,Pb,Repuestos ,Mantenimiento ok,,
14/1/2026 10:06:45,Toyota,176,2026-01-14,Pb,Repuestos ,Mantenimiento ok,,
14/1/2026 10:07:17,Toyota,179,2026-01-14,Pb,Repuestos ,Mantenimiento ok,,
14/1/2026 10:08:28,Toyota,177,2026-01-14,Pb,Repuestos ,Mantenimiento ok,,
14/1/2026 10:16:56,Toyota,189,2026-01-14,Pb,Repuestos ,Mantenimiento ok,,
14/1/2026 10:24:15,Toyota,190,2026-01-14,Pb,Repuestos ,Mantenimiento ok,,
14/1/2026 10:24:46,Toyota,191,2026-01-14,Pb,Repuestos ,Mantenimiento ok,,
14/1/2026 10:25:19,Toyota,192,2026-01-14,Pb,Repuestos ,Mantenimiento ok,,
14/1/2026 10:25:43,Toyota,194,2026-01-14,Pb,Repuestos ,Mantenimiento ok,,
14/1/2026 10:28:21,Toyota,193,2026-01-14,Pb,Repuestos ,Mantenimiento ok,,
14/1/2026 10:28:59,Toyota,195,2026-01-14,Pb,Repuestos ,Mantenimiento ok,,
14/1/2026 10:30:35,Toyota,185,2026-01-14,Pb,Carrera,Mantenimiento ok,,
14/1/2026 10:31:11,Toyota,262,2026-01-14,Pb,Taller de servicios ,Mantenimiento ok,,
14/1/2026 10:32:05,Toyota,677,2026-01-14,Pb,Taller de servicios,Mantenimiento ok,,
14/1/2026 10:33:21,Toyota,196,2026-01-14,Pb,Choferes repuestos ,Mantenimiento ok,,
14/1/2026 10:42:01,Toyota,865,2026-01-14,Pb,Qad,Mantenimiento ok,,
14/1/2026 10:42:40,Toyota,866,2026-01-14,Pb,Portería 4,Mantenimiento ok,,
14/1/2026 10:47:58,Toyota,289,2026-01-14,Pb,Hiace,Mantenimiento ok,,
14/1/2026 10:48:47,Toyota,288,2026-01-14,Pb,Linea hiace ,Mantenimiento ok,,
14/1/2026 10:49:36,Toyota,13,2026-01-14,Pb,Linea hiace ,Mantenimiento ok,,
14/1/2026 10:51:03,Toyota,286,2026-01-14,Pb,Hiace ,Mantenimiento ok,,
14/1/2026 10:51:34,Toyota,287,2026-01-14,Pb,Hiace ,Mantenimiento ok,,
14/1/2026 10:52:49,Toyota,284,2026-01-14,Pb,Hiace,Mantenimiento ok,,
14/1/2026 10:53:27,Toyota,285,2026-01-14,Pb,Hiace,Mantenimiento ok,,
14/1/2026 10:54:16,Toyota,280,2026-01-14,Pb,Hiace ,Mantenimiento ok,,
14/1/2026 10:54:45,Toyota,281,2026-01-14,Pb,Hiace ,Mantenimiento ok,,
14/1/2026 10:55:38,Toyota,282,2026-01-14,Pb,Hiace ,Mantenimiento ok,,
14/1/2026 10:59:52,Toyota,279,2026-01-14,Pb,Meeting hiace ,Mantenimiento ok,,
14/1/2026 11:00:26,Toyota,278,2026-01-14,Pb,Hiace meeting,Mantenimiento ok,,
14/1/2026 11:01:19,Toyota,802,2026-01-14,Pb,Hiace ,Mantenimiento ok,,
14/1/2026 11:01:21,Toyota,802,2026-01-14,Pb,Hiace ,Mantenimiento ok,,
14/1/2026 11:02:07,Toyota,802,2026-01-14,Pb,Hiace,Mantenimiento ok,,
14/1/2026 11:05:21,Toyota,292,2026-01-14,Pb,Meeting hiace ,Mantenimiento ok,,
14/1/2026 11:05:49,Toyota,293,2026-01-14,Pb,Meeting hiace ,Mantenimiento ok,,
14/1/2026 11:06:18,Toyota,294,2026-01-14,Pb,Meeting hiace ,Mantenimiento ok,,
14/1/2026 11:07:46,Toyota,291,2026-01-14,Pb,Hiace ,Mantenimiento ok,,
14/1/2026 11:31:07,Toyota,857,2026-01-14,Pb,Meeting hiace ,Mantenimiento ok,,
14/1/2026 11:31:54,Toyota,859,2026-01-14,Pb,Meeting hiace ,Mantenimiento ok,,
14/1/2026 16:08:48,Toyota,23,2026-01-06,Pb,Meeting vp 1,"Mantenimiento ok Vázquez 
Qc",,
15/1/2026 9:54:04,Toyota,222,2026-01-15,Pb ,Meeting ppo ,Mantenimiento ok ,,
15/1/2026 9:55:20,Toyota,124,2026-01-15,Pb,Meeting ppo,Mantenimiento ok,,
15/1/2026 9:55:52,Toyota,221,2026-01-15,Pb,Meeting ppo,Mantenimiento ok,,
15/1/2026 9:57:00,Toyota,214,2026-01-15,Pb,Meeting 2 ppo,Mantenimiento ok,,
15/1/2026 9:57:34,Toyota,220,2026-01-15,Pb,Meeting 1 ppo,Mantenimiento ok,,
15/1/2026 9:58:46,Toyota,216,2026-01-15,Pb,Ppo,Mantenimiento ok,,
15/1/2026 9:59:29,Toyota,217,2026-01-15,Pb ,Ppo,Mantenimiento ok,,
15/1/2026 10:01:59,Toyota,208,2026-01-15,Primer piso ,Ppo,Mantenimiento ok,,
15/1/2026 10:02:28,Toyota,209,2026-01-15,Primer piso ,Ppo,Mantenimiento ok,,
15/1/2026 10:02:51,Toyota,65,2026-01-15,Pb,Ppo,,,
15/1/2026 10:04:13,Toyota,211,2026-01-15,Pb,Auditoria,Mantenimiento ok,,
15/1/2026 10:04:51,Toyota,215,2026-01-15,Pb,Auditoria,Mantenimiento ok,,
15/1/2026 10:05:40,Toyota,212,2026-01-15,Pb,Auditoria ,Mantenimiento ok,,
15/1/2026 10:13:04,Toyota,643,2026-01-15,Pb,Auditoria ,Mantenimiento ok,,
15/1/2026 10:13:41,Toyota,645,2026-01-15,Pb,Auditoria ,Mantenimiento ok,,
15/1/2026 10:21:25,Toyota,126,2026-01-15,Pb,Auditoria ,Mantenimiento ok,,
15/1/2026 11:27:07,Toyota,601,2026-01-15,Pb,Auditoria ,Mantenimiento ok,,
15/1/2026 11:27:57,Toyota,644,2026-01-15,Pb,Auditoria,Mantenimiento ok,,
15/1/2026 11:28:51,Toyota,646,2026-01-15,Pb,Auditoria,Mantenimiento ok,,
15/1/2026 11:29:14,Toyota,642,2026-01-15,Pb,Auditoria,Mantenimiento ok,,
15/1/2026 11:29:40,Toyota,648,2026-01-15,Pb,Auditoria ,Mantenimiento ok,,
15/1/2026 11:30:12,Toyota,647,2026-01-15,Pb,Auditoria,Mantenimiento ok,,
15/1/2026 11:36:11,Toyota,123,2026-01-15,Pb,Pintura ,Mantenimiento ok,,
15/1/2026 11:36:35,Toyota,768,2026-01-15,Pb,Pintura ,Mantenimiento ok,,
15/1/2026 11:37:00,Toyota,769,2026-01-15,Pb,Pintura ,Mantenimiento ok,,
15/1/2026 11:37:04,Toyota,769,2026-01-15,Pb,Pintura ,Mantenimiento ok,,
15/1/2026 11:37:34,Toyota,765,2026-01-15,Pb ,Pintura ,Mantenimiento ok,,
15/1/2026 11:38:08,Toyota,766,2026-01-15,Pb,Pintura ,Mantenimiento ok,,
15/1/2026 11:38:47,Toyota,770,2026-01-15,Pb,Pintura ,Mantenimiento ok,,
15/1/2026 11:39:22,Toyota,783,2026-01-15,Pb,Pintura ,Mantenimiento ok,,
15/1/2026 11:39:56,Toyota,784,2026-01-15,Pb,Pintura ,Mantenimiento ok,,
15/1/2026 11:40:41,Toyota,775,2026-01-15,Pb,Pintura ,Mantenimiento ok,,
15/1/2026 11:41:10,Toyota,778,2026-01-15,Pb,Pintura ,Mantenimiento ok,,
15/1/2026 11:41:35,Toyota,777,2026-01-15,Pb,Pintura ,Mantenimiento ok,,
15/1/2026 11:44:10,Toyota,779,2026-01-15,Pb,Pintura ,Mantenimiento ok,,
15/1/2026 11:44:33,Toyota,780,2026-01-15,Pb,Pintura ,Mantenimiento ok,,
15/1/2026 11:45:02,Toyota,787,2026-01-15,Pb,Pintura ,Mantenimiento ok,,
15/1/2026 11:48:48,Toyota,791,2026-01-15,Pb,Pintura ,Mantenimiento ok,,
15/1/2026 11:49:20,Toyota,790,2026-01-15,Pb,Pintura ,Mantenimiento ok,,
15/1/2026 11:49:52,Toyota,718,2026-01-15,Pb,Pintura,Mantenimiento ok,,
15/1/2026 11:50:34,Toyota,719,2026-01-15,Pb,Pintura ,Mantenimiento ok,,
15/1/2026 11:51:08,Toyota,746,2026-01-15,Pb,Pintura,Mantenimiento ok,,
15/1/2026 11:51:10,Toyota,746,2026-01-15,Pb,Pintura,Mantenimiento ok,,
15/1/2026 11:51:27,Toyota,734,2026-01-15,Pb,Pintura ,Mantenimiento ok,,
15/1/2026 11:52:07,Toyota,735,2026-01-15,Pb,Pintura ,Mantenimiento ok,,
15/1/2026 11:52:28,Toyota,737,2026-01-15,Pb,Pintura ,Mantenimiento ok,,
15/1/2026 11:52:51,Toyota,745,2026-01-15,Pb,Pintura,Mantenimiento ok,,
15/1/2026 11:53:28,Toyota,722,2026-01-15,Pb,Pintura,Mantenimiento ok,,
15/1/2026 11:53:56,Toyota,723,2026-01-15,Pb,Pintura,Mantenimiento ok,,
15/1/2026 11:54:21,Toyota,738,2026-01-15,Pb,Pintura ,Mantenimiento ok,,
15/1/2026 11:55:01,Toyota,739,2026-01-15,Pb,Pintura ,Mantenimiento ok,,
15/1/2026 11:55:31,Toyota,740,2026-01-15,Pb,Pintura,Mantenimiento ok,,
15/1/2026 11:55:54,Toyota,740,2026-01-15,Pb,Pintura,Mantenimiento ok,,
15/1/2026 11:56:16,Toyota,741,2026-01-15,Pb,Pintura,Mantenimiento ok,,
15/1/2026 11:56:56,Toyota,773,2026-01-15,Pb,Pintura,Mantenimiento ok,,
15/1/2026 11:56:58,Toyota,773,2026-01-15,Pb,Pintura,Mantenimiento ok,,
15/1/2026 11:57:20,Toyota,774,2026-01-15,Pb,Pintura,Mantenimiento ok,,
15/1/2026 11:57:42,Toyota,770,2026-01-15,Pb,Pintura,Mantenimiento ok,,
15/1/2026 12:04:01,Toyota,769,2026-01-15,Pb,Pintura ,Mantenimiento ok,,
15/1/2026 12:04:34,Toyota,793,2026-01-15,Pb,Pintura,Mantenimiento ok,,
15/1/2026 12:04:58,Toyota,767,2026-01-15,Pb,Pintura ,Mantenimiento ok,,
15/1/2026 12:05:26,Toyota,717,2026-01-15,Pb,Pintura ,Mantenimiento ok,,
15/1/2026 12:06:01,Toyota,478,2026-01-15,Pb,Pintura ,Mantenimiento ok,,
15/1/2026 12:06:25,Toyota,753,2026-01-15,Pb,Pintura,Mantenimiento ok,,
15/1/2026 12:07:18,Toyota,479,2026-01-15,Pb,Pintura ,Mantenimiento ok,,
15/1/2026 12:07:43,Toyota,480,2026-01-15,Pb,Pin,Mantenimiento ok,,
15/1/2026 12:08:07,Toyota,786,2026-01-15,Pb,Pintura ,Mantenimiento ok,,
15/1/2026 12:08:35,Toyota,785,2026-01-15,Pb,Pintura ,Mantenimiento ok,,
15/1/2026 12:09:03,Toyota,782,2026-01-15,Pb,Pintura ,Mantenimiento ok,,
15/1/2026 12:09:25,Toyota,781,2026-01-15,Pb,Pintura ,Mantenimiento ok,,
15/1/2026 12:09:47,Toyota,788,2026-01-15,Pb,Pintura ,Mantenimiento ok,,
15/1/2026 12:10:10,Toyota,789,2026-01-15,Pb,Pintura ,Mantenimiento ok,,
15/1/2026 12:10:35,Toyota,792,2026-01-15,Pb,Pintura ,Mantenimiento ok,,
15/1/2026 12:10:59,Toyota,747,2026-01-15,Pb,Pintura ,Mantenimiento ok,,
15/1/2026 12:11:20,Toyota,720,2026-01-15,Pb,Pintura ,Mantenimiento ok,,
15/1/2026 12:11:43,Toyota,721,2026-01-15,Pb,Pintura ,Mantenimiento ok,,
15/1/2026 12:12:09,Toyota,719,2026-01-15,Pb,Pintura ,Mantenimiento ok,,
15/1/2026 12:12:35,Toyota,718,2026-01-15,Pb,Pintura ,Mantenimiento ok,,
15/1/2026 12:13:01,Toyota,794,2026-01-15,Pb,Pintura ,Mantenimiento ok,,
15/1/2026 12:13:30,Toyota,795,2026-01-15,Pb,Pintura ,Mantenimiento ok,,
16/1/2026 8:05:09,Toyota,348,2026-01-16,Pb,Comedor 1,Mantenimiento ok,,
16/1/2026 8:05:45,Toyota,351,2026-01-16,Pb,Comedor 1,Mantenimiento ok,,
16/1/2026 8:06:18,Toyota,350,2026-01-16,Pb,Comedor 1 ,Mantenimiento ok,,
16/1/2026 8:06:44,Toyota,349,2026-01-16,Pb,Comedor 1,Mantenimiento ok,,
16/1/2026 8:07:23,Toyota,352,2026-01-16,Pb,Comedor 1,Mantenimiento ok,,
16/1/2026 8:08:00,Toyota,353,2026-01-16,Pb,Comedor 1,Mantenimiento ok,,
16/1/2026 8:08:35,Toyota,354,2026-01-16,Pb,Comedor 1,Mantenimiento ok,,
16/1/2026 8:17:55,Toyota,354,2026-01-16,Pb,Comedor 1,Mantenimiento ok,,
16/1/2026 8:17:56,Toyota,354,2026-01-16,Pb,Comedor 1,Mantenimiento ok,,
16/1/2026 8:18:28,Toyota,608,2026-01-16,Pb,Edifico viejo ,Mantenimiento ok,,
16/1/2026 8:44:32,Toyota,360,2026-01-16,Pb,Admi,Mantenimiento ok,,
16/1/2026 8:44:32,Toyota,360,2026-01-16,Pb,Admi,Mantenimiento ok,,
16/1/2026 8:44:46,Toyota,359,2026-01-16,Primer piso ,Admi,Mantenimiento ok,,
16/1/2026 8:46:28,Toyota,359,2026-01-16,Primer piso ,Admi,Mantenimiento ok,,
16/1/2026 8:46:54,Toyota,358,2026-01-16,Segundo piso ,Admi,Mantenimiento ok,,
16/1/2026 8:49:32,Toyota,358,2026-01-16,Segundo piso ,Admi,Mantenimiento ok,,
16/1/2026 8:49:55,Toyota,362,2026-01-16,Segundo piso ,Admi,Mantenimiento ok,,
16/1/2026 8:50:28,Toyota,361,2026-01-16,Segundo piso ,Admi,Mantenimiento ok,,
16/1/2026 9:16:39,Toyota,363,2026-01-16,Primer piso ,Admi,Mantenimiento ok,,
16/1/2026 9:16:39,Toyota,365,2026-01-16,Pb,Admi,Mantenimiento ok,,
16/1/2026 9:17:05,Toyota,365,2026-01-16,Pb,Admi,Mantenimiento ok,,
16/1/2026 9:17:26,Toyota,366,2026-01-16,Pb,Adm,Mantenimiento ok,,
16/1/2026 9:17:51,Toyota,364,2026-01-16,Pb,Admi,Mantenimiento ok,,
16/1/2026 9:46:02,Toyota,369,2026-01-16,Pb,Cet ,Mantenimiento ok,,
16/1/2026 9:46:02,Toyota,865,2026-01-16,Pb,Cet,Mantenimiento ok,,
16/1/2026 9:46:03,Toyota,867,2026-01-16,Pb,Cet,Mantenimiento ,,
16/1/2026 9:46:03,Toyota,366,2026-01-16,Pb,Tps,Mantenimiento ok,,
16/1/2026 9:46:04,Toyota,866,2026-01-16,Pb,Cet ,Mantenimiento ok,,
16/1/2026 9:46:12,Toyota,366,2026-01-16,Pb,Tps,Mantenimiento ok,,
16/1/2026 9:46:13,Toyota,865,2026-01-16,Pb,Cet,Mantenimiento ok,,
16/1/2026 9:46:13,Toyota,369,2026-01-16,Pb,Cet ,Mantenimiento ok,,
16/1/2026 9:46:14,Toyota,866,2026-01-16,Pb,Cet ,Mantenimiento ok,,
16/1/2026 9:46:14,Toyota,867,2026-01-16,Pb,Cet,Mantenimiento ok,,
16/1/2026 9:46:42,Toyota,868,2026-01-16,Pb ,Cet,Mantenimiento ok,,
16/1/2026 9:47:17,Toyota,869,2026-01-16,Pb,Cet,Mantenimiento ok,,
16/1/2026 9:48:41,Toyota,371,2026-01-16,Pb,Visitor ,Mantenimiento ok,,
16/1/2026 9:48:46,Toyota,371,2026-01-16,Pb,Visitor ,Mantenimiento ok,,
16/1/2026 9:48:46,Toyota,371,2026-01-16,Pb,Visitor ,Mantenimiento ok,,
16/1/2026 9:49:17,Toyota,870,2026-01-16,Pb,Cet,Mantenimiento ok,,
16/1/2026 9:49:24,Toyota,870,2026-01-16,Pb,Cet,Mantenimiento ok,,
16/1/2026 9:49:24,Toyota,870,2026-01-16,Pb,Cet,Mantenimiento ok,,
16/1/2026 9:49:31,Toyota,377,2026-01-16,Primer piso ,Rrhh,Mantenimiento ok,,
16/1/2026 9:52:10,Toyota,378,2026-01-16,Primer piso ,Cocina,Mantenimiento ok,,
16/1/2026 9:52:13,Toyota,378,2026-01-16,Primer piso ,Cocina,Mantenimiento ok,,
16/1/2026 9:52:47,Toyota,871,2026-01-16,Primer piso ,Limpiolux ,Mantenimiento ok,,
16/1/2026 9:52:47,Toyota,871,2026-01-16,Primer piso ,Limpiolux ,Mantenimiento ok,,
16/1/2026 9:53:57,Toyota,872,2026-01-16,Pb,Kaizen ,Mantenimiento ok,,
16/1/2026 9:55:57,Toyota,873,2026-01-16,Pb,Cet ,Mantenimiento ok,,
16/1/2026 9:57:35,Toyota,874,2026-01-16,Pb,Cet,Mantenimiento ok,,
16/1/2026 9:59:02,Toyota,875,2026-01-16,Pb,Cet ,Mantenimiento ok,,
16/1/2026 10:08:41,Toyota,876,2026-01-16,Pb,Cet,Mantenimiento ok,,
16/1/2026 10:08:42,Toyota,876,2026-01-16,Pb,Cet,Mantenimiento ok,,
16/1/2026 10:08:59,Toyota,877,2026-01-16,Pb,Cet,Mantenimiento ok,,
16/1/2026 10:10:28,Toyota,276,2026-01-16,Pb,Cet ,Mantenimiento ok,,
16/1/2026 10:15:01,Toyota,276,2026-01-16,Pb,Cet ,Mantenimiento ok,,
16/1/2026 10:15:33,Toyota,878,2026-01-16,Pb,Portería 3,Mantenimiento ok,,
16/1/2026 10:27:21,Toyota,879,2026-01-16,Pb,Utiliti,Mantenimiento ok,,
16/1/2026 10:27:24,Toyota,879,2026-01-16,Pb,Utiliti,Mantenimiento ok,,
16/1/2026 10:27:44,Toyota,663,2026-01-16,Pb,Oficina utility,Mantenimiento ok,,
16/1/2026 10:29:23,Toyota,664,2026-01-16,Pb,Laboratorio,Mantenimiento ok,,
16/1/2026 10:30:36,Toyota,664,2026-01-16,Pb,Laboratorio,Mantenimiento ok,,
16/1/2026 10:30:59,Toyota,665,2026-01-16,Pb,Taller liso,Mantenimiento ok,,
16/1/2026 10:31:22,Toyota,666,2026-01-16,Pb,Taller liso ,Mantenimiento ok,,
16/1/2026 10:44:19,Toyota,9999,2026-01-16,Pb,Pb,Pb,,
16/1/2026 10:55:02,Toyota,980,2026-01-16,Pb,Clark,Mantenimiento ok,,
16/1/2026 10:57:52,Toyota,880,2026-01-16,Pb,Clark,Mantenimiento ok,,
16/1/2026 11:44:50,Toyota,880,2026-01-16,Pb,Clark,Mantenimiento ok,,
16/1/2026 11:44:50,Toyota,880,2026-01-16,Pb,Clark,Mantenimiento ok,,
16/1/2026 11:45:21,Toyota,889,2026-01-16,Pb,Cet,Mantenimiento ok,,
16/1/2026 11:45:25,Toyota,889,2026-01-16,Pb,Cet,Mantenimiento ok,,
16/1/2026 11:45:47,Toyota,67,2026-01-16,Pb,Pintura ,Mantenimiento ok,,
16/1/2026 11:46:18,Toyota,888,2026-01-16,Pb,Cet,Mantenimiento pk,,
16/1/2026 11:46:48,Toyota,887,2026-01-16,Pb,Cet,Mantenimiento ok,,
16/1/2026 11:47:16,Toyota,725,2026-01-16,Pb,Pintura ,Mantenimiento ok,,
16/1/2026 11:47:51,Toyota,742,2026-01-16,Pb,Pintura ,Mantenimiento ok,,
16/1/2026 11:48:34,Toyota,479,2026-01-16,Pb,Pintura ,Mantenimiento ok,,
16/1/2026 11:48:53,Toyota,744,2026-01-16,Pb,Pintura ,Mantenimiento ok,,
16/1/2026 11:49:11,Toyota,727,2026-01-16,Pb,Pintura ,Mantenimiento ok,,
16/1/2026 11:49:34,Toyota,728,2026-01-16,Pb,Pintura,Mantenimiento ok,,
16/1/2026 11:49:53,Toyota,729,2026-01-16,Pb,Pintura,Mantenimiento ok,,
16/1/2026 11:50:12,Toyota,749,2026-01-16,Pb,Pintura ,Mantenimiento ok,,
16/1/2026 11:50:32,Toyota,750,2026-01-16,Pb,Pintura ,Mantenimiento ok,,
16/1/2026 11:50:53,Toyota,726,2026-01-16,Pb,Pintura ,Mantenimiento ok,,
16/1/2026 11:51:15,Toyota,724,2026-01-16,Pb,Pintura ,Mantenimiento ok,,
16/1/2026 11:51:35,Toyota,743,2026-01-16,Pb,Pintura ,Mantenimiento ok,,
16/1/2026 11:51:39,Toyota,743,2026-01-16,Pb,Pintura ,Mantenimiento ok,,
16/1/2026 11:51:58,Toyota,731,2026-01-16,Pb,Pintura ,Mantenimiento ok,,
16/1/2026 11:52:18,Toyota,730,2026-01-16,Pb,Pintura ,Mantenimiento ok,,
16/1/2026 11:52:38,Toyota,751,2026-01-16,Pb,Pintura ,Mantenimiento ok,,
16/1/2026 11:53:03,Toyota,756,2026-01-16,Pb,Pintura ,Mantenimiento ok,,
16/1/2026 11:53:24,Toyota,732,2026-01-16,Pb,Pintura ,Mantenimiento ok,,
16/1/2026 11:53:43,Toyota,764,2026-01-16,Pb,Pintura ,Mantenimiento ok,,
16/1/2026 11:54:10,Toyota,733,2026-01-16,Pb,Pintura ,Mantenimiento ok,,
16/1/2026 11:54:34,Toyota,734,2026-01-16,Pb,Pintura ,Mantenimiento ok,,
16/1/2026 11:55:13,Toyota,676,2026-01-16,Pb,Residuos,Mantenimiento ok,,
16/1/2026 11:55:44,Toyota,672,2026-01-16,Pb,Residuos,Mantenimiento ok,,
16/1/2026 11:56:08,Toyota,674,2026-01-16,Pb,Residuos,Mantenimiento ok,,
16/1/2026 11:56:31,Toyota,673,2026-01-16,Pb,Residuos,Mantenimiento ok,,
16/1/2026 11:56:54,Toyota,671,2026-01-16,Pb,Residuos ,Mantenimiento ok,,
16/1/2026 11:57:27,Toyota,386,2026-01-16,Pb,Gps,Mantenimiento ok,,
16/1/2026 11:58:07,Toyota,382,2026-01-16,Pb,Gps,Mantenimiento ok,,
16/1/2026 11:58:30,Toyota,383,2026-01-16,Pb,Reaiduos,Mantenimiento ok,,
16/1/2026 11:58:51,Toyota,384,2026-01-16,Pb,Residuos,Mantenimiento ok,,
16/1/2026 11:59:12,Toyota,381,2026-01-16,Pb,Residuos,Mantenimiento ok,,
16/1/2026 11:59:35,Toyota,370,2026-01-16,Pb,Gps,Mantenimiento ok,,
16/1/2026 12:00:08,Toyota,881,2026-01-16,Pb,Cet,Mantenimiento ok,,
16/1/2026 12:00:38,Toyota,883,2026-01-16,Pb,Cet,Mantenimiento ok,,
16/1/2026 12:01:05,Toyota,884,2026-01-16,Pb,Cet,Mantenimiento ok,,
16/1/2026 12:01:28,Toyota,885,2026-01-16,Pb,Cet,Mantenimiento ok,,
16/1/2026 12:01:56,Toyota,886,2026-01-16,Pb,Cet,Mantenimiento ok,,
16/1/2026 12:02:03,Toyota,886,2026-01-16,Pb,Cet,Mantenimiento ok,,
16/1/2026 12:02:15,Toyota,887,2026-01-16,Pb,Cet,Mantenimiento ok,,
19/1/2026 7:40:34,Toyota,28,2026-01-19,Pb,Jdt tsusho,Mantenimiento ok,,
19/1/2026 7:43:37,Toyota,155,2026-01-19,Pb,Meeting d7 tsusho,Mantenimiento ok,,
19/1/2026 7:44:26,Toyota,17,2026-01-19,Pb,Meeting d7 tsusho ,Mantenimiento ok,,
19/1/2026 7:56:25,Toyota,16,2026-01-19,Pb,Clark tshusho,Mantenimiento ok,,
19/1/2026 8:06:44,Toyota,16,2026-01-19,Pb,Clark tshusho,Mantenimiento ok,,
19/1/2026 8:07:15,Toyota,30,2026-01-19,Pb,Comedor  tsusho,Mantenimiento ok,,
19/1/2026 8:07:57,Toyota,31,2026-01-19,Pb,Tsusho,Mantenimiento ok,,
19/1/2026 8:08:39,Toyota,8,2026-01-19,Pb,Gomería tsusho,Mantenimiento ok,,
19/1/2026 8:09:12,Toyota,26,2026-01-19,Pb,Pañol tsusho,Mantenimiento ok,,
19/1/2026 8:12:53,Toyota,25,2026-01-19,Pb,Gomería tshusho,Mantenimiento ok,,
19/1/2026 8:13:29,Toyota,29,2026-01-19,Pb,Oficina,Mantenimiento ok,,
19/1/2026 8:14:01,Toyota,24,2026-01-19,Pb,Meeting tsusho,Mantenimiento ok,,
19/1/2026 8:18:01,Toyota,Sin qr,2026-01-19,Pb,Tubos tsusho,Mantenimiento ok,,
19/1/2026 8:23:40,Toyota,Sin qr,2026-01-19,Pb,Tubos tshusho ,Mantenimiento ok,,
19/1/2026 8:28:40,Toyota,9,2026-01-19,Pb,Smata tsusho ,Mantenimiento ok,,
19/1/2026 8:32:57,Toyota,7,2026-01-19,Pb,Limpiolux tsusho,Mantenimiento ok,,
19/1/2026 8:38:25,Toyota,6,2026-01-19,Pb,Tsusho ,Mantenimiento ok,,
19/1/2026 8:44:47,Toyota,5,2026-01-19,Pb,S. Médicos tshusho ,Mantenimiento ok,,
19/1/2026 8:45:19,Toyota,Sin qr,2026-01-19,Pb,Rrhh tsusho ,Mantenimiento ok,,
19/1/2026 8:47:01,Toyota,1,2026-01-19,Pb,Comedor tsusho,Mantenimiento ok,,
19/1/2026 8:47:33,Toyota,2,2026-01-19,Pb,Oficina try team tsusho ,Mantenimiento ok,,
19/1/2026 8:47:36,Toyota,2,2026-01-19,Pb,Oficina try team tsusho ,Mantenimiento ok,,
19/1/2026 8:47:58,Toyota,3,2026-01-19,Pb,Asimra tsusho ,Mantenimiento ok,,
19/1/2026 8:49:39,Toyota,40,2026-01-19,Pb,Tsusho,Mantenimiento ok,,
19/1/2026 9:00:21,Toyota,23,2026-01-19,Pb,Tsusho,Mantenimiento ok,,
19/1/2026 9:00:25,Toyota,23,2026-01-19,Pb,Tsusho,Mantenimiento ok,,
19/1/2026 9:01:01,Toyota,Sin qr,2026-01-19,Pb,Tsusho ,Mantenimiento ok,,
19/1/2026 9:01:39,Toyota,501,2026-01-19,Pb,Tsusho,Mantenimiento ok,,
19/1/2026 9:02:10,Toyota,21,2026-01-19,Pb,Tsusho,Mantenimiento ok,,
19/1/2026 9:02:50,Toyota,22,2026-01-19,Pb,Tsusho,Mantenimiento ok,,
19/1/2026 9:03:31,Toyota,32,2026-01-19,Pb,Tsusho ,Mantenimiento ok,,
19/1/2026 9:04:34,Toyota,Sin qr,2026-01-19,Pb,Tsusho,Mantenimiento ok,,
19/1/2026 9:05:04,Toyota,Sin qr ,2026-01-19,Pb,Tsusho,Mantenimiento ok,,
19/1/2026 9:05:33,Toyota,35,2026-01-19,Pb,Tsusho ,Mantenimiento ok,,
19/1/2026 9:06:16,Toyota,36,2026-01-19,Pb,Tsusho ,Mantenimiento ok,,
19/1/2026 9:06:21,Toyota,36,2026-01-19,Pb,Tsusho ,Mantenimiento ok,,
19/1/2026 9:06:43,Toyota,15,2026-01-19,Pb,Tsusho,Mantenimiento ok,,
19/1/2026 9:07:11,Toyota,14,2026-01-19,Pb,Tsusho,Mantenimiento ok,,
19/1/2026 9:07:38,Toyota,Sin qr,2026-01-19,Pb,Tsusho,Mantenimiento ok,,
19/1/2026 9:08:05,Toyota,Sin qr,2026-01-19,Pb,Tsusho,Mantenimiento ok,,
19/1/2026 9:52:41,Toyota,621,2026-01-19,Pb,Frame ,Mantenimiento ok,,
19/1/2026 9:53:08,Toyota,602,2026-01-19,Pb,Frame ,Mantenimiento oj,,
19/1/2026 9:53:10,Toyota,602,2026-01-19,Pb,Frame ,Mantenimiento oj,,
19/1/2026 9:53:53,Toyota,603,2026-01-19,Pb,Frame ,Mantenimiento ok,,
19/1/2026 9:54:28,Toyota,599,2026-01-19,Pb,Frame,Mantenimiento ok,,
19/1/2026 9:54:47,Toyota,460,2026-01-19,Pb,Frame,Mantenimiento ok,,
19/1/2026 9:55:34,Toyota,589,2026-01-19,Pb,Frame,Mantenimiento ok,,
19/1/2026 9:56:04,Toyota,583,2026-01-19,Pb,Frame,Mantenimiento ok,,
19/1/2026 9:56:56,Toyota,591,2026-01-19,Pb,Frame,Mantenimiento ok,,
19/1/2026 9:59:44,Toyota,590,2026-01-19,Pb,Frame,Mantenimiento ok,,
19/1/2026 10:00:14,Toyota,604,2026-01-19,Pb,Frame,Mantenimiento ok,,
19/1/2026 10:08:40,Toyota,605,2026-01-19,Pb,Frame,Mantenimiento ok,,
19/1/2026 10:09:44,Toyota,606,2026-01-19,Pb,Frame,Mantenimiento ok,,
19/1/2026 10:10:51,Toyota,607,2026-01-19,Pb,Frame,Mantenimiento ok,,
19/1/2026 10:14:04,Toyota,594,2026-01-19,Pb,Frame,Mantenimiento ok,,
19/1/2026 10:15:20,Toyota,608,2026-01-19,Pb,Frame,Mantenimiento ok,,
19/1/2026 10:16:19,Toyota,609,2026-01-19,Pb,Frame,Mantenimiento ok,,
19/1/2026 10:16:54,Toyota,610,2026-01-19,Pb,Frame,Mantenimiento ok,,
19/1/2026 10:17:42,Toyota,611,2026-01-19,Pb,Frame,Mantenimiento ok,,
19/1/2026 10:18:17,Toyota,612,2026-01-19,Pb,Frame,Mantenimiento ok,,
19/1/2026 10:19:08,Toyota,613,2026-01-19,Pb,Frame,Mantenimiento ok,,
19/1/2026 10:20:48,Toyota,614,2026-01-19,Pb,Frame,Mantenimiento ok,,
19/1/2026 10:21:50,Toyota,615,2026-01-19,Pb,Frame,Mantenimiento ok,,
19/1/2026 10:24:00,Toyota,616,2026-01-19,Pb,Frame ,Mantenimiento ok,,
19/1/2026 10:24:21,Toyota,617,2026-01-19,Pb,Frame,Mantenimiento ok,,
19/1/2026 10:24:59,Toyota,618,2026-01-19,Pb,Frame,Mantenimiento ok,,
19/1/2026 10:26:03,Toyota,619,2026-01-19,Pb,Frame ,Mantenimiento ok,,
19/1/2026 10:26:40,Toyota,622,2026-01-19,Pb,Frame,Mantenimiento ok,,
19/1/2026 10:27:25,Toyota,620,2026-01-19,Pb,Frame,Mantenimiento ok,,
19/1/2026 10:28:15,Toyota,623,2026-01-19,Pb,Frame,Mantenimiento ok,,
19/1/2026 10:28:38,Toyota,596,2026-01-19,Pb,Frame,Mantenimiento ok,,
19/1/2026 10:29:24,Toyota,624,2026-01-19,Pb,Frame,Mantenimiento ok,,
19/1/2026 10:30:15,Toyota,595,2026-01-19,Pb,Frame,Mantenimiento ok,,
19/1/2026 10:30:52,Toyota,597,2026-01-19,Pb,Frame,Mantenimiento ok,,
19/1/2026 10:35:19,Toyota,625,2026-01-19,Pb,Frame,Mantenimiento ok,,
19/1/2026 10:36:24,Toyota,626,2026-01-19,Pb,Frame,Mantenimiento ok,,
19/1/2026 10:36:52,Toyota,627,2026-01-19,Pb,Frame,Mantenimiento ok,,
19/1/2026 10:39:55,Toyota,628,2026-01-19,Pb,Frame,Mantenimiento ok,,
19/1/2026 10:41:25,Toyota,629,2026-01-19,Pb,Frame,Mantenimiento ok,,
19/1/2026 10:41:27,Toyota,629,2026-01-19,Pb,Frame,Mantenimiento ok,,
19/1/2026 10:41:54,Toyota,630,2026-01-19,Pb,Frame,Mantenimiento ok,,
19/1/2026 10:43:38,Toyota,631,2026-01-19,Pb,Frame,Mantenimiento ok,,
19/1/2026 10:43:43,Toyota,631,2026-01-19,Pb,Frame,Mantenimiento ok,,
19/1/2026 10:44:01,Toyota,632,2026-01-19,Pb,Frame,Mantenimiento ok,,
19/1/2026 10:46:20,Toyota,633,2026-01-19,Pb,Frame,Mantenimiento ok,,
19/1/2026 10:48:14,Toyota,633,2026-01-19,Pb,Frame,Mantenimiento ok,,
19/1/2026 10:48:41,Toyota,634,2026-01-19,Pb,Frame,Mantenimiento ok,,
19/1/2026 10:49:07,Toyota,635,2026-01-19,Pb,Frame,Mantenimiento ok,,
19/1/2026 11:28:52,Toyota,637,2026-01-19,Pb,Frame,Mantenimiento ok,,
19/1/2026 11:29:31,Toyota,636,2026-01-19,Pb,Frame,Mantenimiento ok,,
19/1/2026 11:30:33,Toyota,638,2026-01-19,Pb,Frame,Mantenimiento ok,,
19/1/2026 11:31:01,Toyota,639,2026-01-19,Pb,Frame,Mantenimiento ok,,
19/1/2026 11:31:37,Toyota,640,2026-01-19,Pb,Frame,Mantenimiento ok,,
19/1/2026 11:32:01,Toyota,641,2026-01-19,Pb,Frame,Mantenimiento ok,,
20/1/2026 8:02:31,Toyota,580,2026-01-20,Pb,Laboratorio,Mantenimiento ok,,
20/1/2026 8:14:05,Toyota,652,2026-01-20,Pb,Yusen ,Mantenimiento ok,,
20/1/2026 8:15:06,Toyota,651,2026-01-20,Pb,Furlong,Mantenimiento ok,,
20/1/2026 8:15:42,Toyota,650,2026-01-20,Pb,Afip,Mantenimiento ok,,
20/1/2026 8:16:19,Toyota,649,2026-01-20,Pb,Cocina ,Mantenimiento ok,,
20/1/2026 8:16:49,Toyota,563,2026-01-20,Pb,Playa de camiones ,Mantenimiento ok,,
20/1/2026 8:40:26,Toyota,657,2026-01-20,Pb,Logística ,Mantenimiento ok,,
20/1/2026 8:40:52,Toyota,654,2026-01-20,Pb,Logística ,Mantenimiento ok,,
20/1/2026 8:41:24,Toyota,655,2026-01-20,Pb,Logística ,Mantenimiento ok,,
20/1/2026 8:51:23,Toyota,658,2026-01-20,Pb,Taller logística ,Mantenimiento ok,,
20/1/2026 9:11:50,Toyota,678,2026-01-20,Pb,Comedor 3,Mantenimiento ok,,
20/1/2026 9:12:42,Toyota,675,2026-01-20,Pb,Comedor 3,Mantenimiento ,,
20/1/2026 9:17:58,Toyota,667,2026-01-20,Pb,Dojo pintura ,Mantenimiento ok,,
20/1/2026 9:18:32,Toyota,668,2026-01-20,Pb,Dojo pintura ,Mantenimiento ok,,
20/1/2026 9:27:21,Toyota,669,2026-01-20,Pb,Dojo pintura ,Mantenimiento ok,,
20/1/2026 9:40:17,Toyota,333,2026-01-20,Pb,Segu estacionamiento ,Mantenimiento ok,,
20/1/2026 9:52:54,Toyota,332,2026-01-20,Pb,Garita afuera ,Mantenimiento ok,,
20/1/2026 9:52:55,Toyota,333,2026-01-20,Pb,Segu estacionamiento ,Mantenimiento ok,,
20/1/2026 9:53:41,Toyota,334,2026-01-20,Pb,Remis ,Mantenimiento ok,,
20/1/2026 10:00:18,Toyota,335,2026-01-20,Pb,Garita,Mantenimiento ok,,
20/1/2026 10:00:47,Toyota,73,2026-01-20,Pb,Masterbus,Mantenimiento ok,,
20/1/2026 10:01:22,Toyota,337,2026-01-20,Pb,Garita tango,Mantenimiento ok,,
22/1/2026 8:24:22,Toyota,803,2026-01-22,Pb,Frente a motores ,Mantenimiento ok,,
27/1/2026 8:24:05,Toyota,884,2026-01-27,Pb,Frame ,Mantenimiento ok,,
27/1/2026 8:24:36,Toyota,8,2026-01-27,Pb,Frame ,Mantenimiento ok,,
27/1/2026 10:02:27,Toyota,74,2026-01-27,Pb,Ensamble ,Mantenimiento ok,,
27/1/2026 10:02:27,Toyota,74,2026-01-27,Pb,Ensamble ,Mantenimiento ok,,
27/1/2026 10:02:52,Toyota,686,2026-01-27,Pb,Welding,Mantenimiento ok,,
27/1/2026 10:04:32,Toyota,681,2026-01-27,Pb,Welding ,Mantenimiento ok,,
27/1/2026 10:05:38,Toyota,682,2026-01-27,Pb,Welding,Mantenimiento ok,,
27/1/2026 10:06:18,Toyota,683,2026-01-27,Pb,Welding,Mantenimiento ok,,
27/1/2026 10:07:04,Toyota,684,2026-01-27,Pb,Welding ,Mantenimiento ok,,
27/1/2026 10:18:35,Toyota,685,2026-01-27,Pb,Welding ,Mantenimiento ok,,
27/1/2026 10:19:06,Toyota,687,2026-01-27,Pb,Welding ,Mantenimiento ok,,
27/1/2026 10:20:05,Toyota,885,2026-01-27,Pb,Ensamble ,Mantenimiento ok,,
27/1/2026 10:20:41,Toyota,886,2026-01-27,Pb,Ensamble ,Mantenimiento ok,,
27/1/2026 10:21:22,Toyota,887,2026-01-27,Pb,Ensamble ,Mantenimiento ok,,
27/1/2026 10:23:06,Toyota,887,2026-01-27,Pb,Ensamble ,Mantenimiento ok,,
27/1/2026 10:23:52,Toyota,888,2026-01-27,Pb,Ensamble ,Mantenimiento ok,,
27/1/2026 10:24:39,Toyota,889,2026-01-27,Pb,Ensamble,Mantenimiento ok,,
27/1/2026 11:39:27,Toyota,416,2026-01-27,Pb,Mh,Mantenimiento ok,,
27/1/2026 11:39:54,Toyota,417,2026-01-27,Pb,Mh,Mantenimiento ok,,
27/1/2026 11:40:17,Toyota,418,2026-01-27,Pb,Mh,Mantenimiento ok,,
27/1/2026 11:40:43,Toyota,419,2026-01-27,Pb,Mh,Mantenimiento ok,,
27/1/2026 11:41:10,Toyota,420,2026-01-27,Pb,Mh,Mantenimiento ok,,
27/1/2026 11:41:33,Toyota,421,2026-01-27,Pb,Mh,Mantenimiento ok,,
27/1/2026 11:41:36,Toyota,421,2026-01-27,Pb,Mh,Mantenimiento ok,,
27/1/2026 11:41:57,Toyota,422,2026-01-27,Pb,Mh,Mantenimiento ok,,
27/1/2026 11:42:18,Toyota,423,2026-01-27,Pb,Mh,Mantenimiento ok,,
27/1/2026 11:42:40,Toyota,424,2026-01-27,Pb,Mh,Mantenimiento ok,,
27/1/2026 11:43:03,Toyota,425,2026-01-27,Pb,Mh,Mantenimiento ok,,
27/1/2026 11:47:41,Toyota,636,2026-01-27,Pb,Linea welding ,Mantenimiento ok,,
27/1/2026 11:48:03,Toyota,637,2026-01-27,Pb,Linea welding ,Mantenimiento ok,,
27/1/2026 11:48:23,Toyota,638,2026-01-27,Pb,Linea welding ,Mantenimiento ok,,
27/1/2026 11:48:50,Toyota,639,2026-01-27,Pb,Linea welding ,Mantenimiento ok,,
27/1/2026 11:49:35,Toyota,640,2026-01-27,Pb,Linea welding ,Mantenimiento ok,,
27/1/2026 11:49:58,Toyota,641,2026-01-27,Pb,Linea welding ,Mantenimiento ok,,
27/1/2026 11:50:46,Toyota,881,2026-01-27,Pb,Meeting welding ,Mantenimiento ok,,
27/1/2026 11:51:10,Toyota,882,2026-01-27,Pb,Meeting welding ,Mantenimiento ok,,
27/1/2026 11:51:32,Toyota,883,2026-01-27,Pb,Meeting welding ,Mantenimiento ok,,
3/2/2026 9:12:13,Toyota,184,2026-02-03,Pb,Repuestos unificación ,Mantenimiento ok,,
3/2/2026 9:17:48,Toyota,178,2026-02-03,Pb,Repuestos ,Mantenimiento ok,,
3/2/2026 10:16:22,Toyota,646,2026-02-03,Pb,Qc,Mantenimiento ok,,
6/2/2026 11:24:49,Toyota,546,2026-02-06,Pb,Motores meeting conveyor,Mantenimiento ok,,
17/4/2026 9:22:18,Toyota,94,2026-04-17,Chasis dársena 2 sur,Chasis,Salta termica,,
20/4/2026 10:24:41,Toyota,9,2026-04-20,Qc,Meeting 2 cs line ,Ok,,
20/4/2026 10:26:32,Toyota,7,2026-04-20,Qc,Meeting 1group líder ,Ok,,
20/4/2026 10:27:38,Toyota,891,2026-04-20,Qc,Área de reparaciónes,Ok,,
20/4/2026 10:28:49,Toyota,1,2026-04-20,Qc ,Oficina calibraciónes,Ok,,
20/4/2026 10:29:05,Toyota,2,2026-04-20,Qc,Calibraciones,Ok,,
20/4/2026 10:29:42,Toyota,3,2026-04-20,Ep oficina jefes calibraciones ,Ok,,,
20/4/2026 10:30:21,Toyota,4,2026-04-20,Ep qc,Meeting group lider,Ok,,
20/4/2026 10:31:02,Toyota,5,2026-04-20,Pb Qc,Laboratorio 1,Ok,,
20/4/2026 10:31:34,Toyota,6,2026-04-20,Pb Qc ,Laboratorio 2,Ok,,
20/4/2026 10:42:20,Toyota,10,2026-04-20,Pb Qc ,Meeting 2 cs line ,Ok,,
20/4/2026 10:42:42,Toyota,12,2026-04-20,Pb Qc ,Meeting 2 cs line ,Ok,,
20/4/2026 10:47:48,Toyota,45,2026-04-20,Pb Qc ,Meeting jefes qc,Ok,,
20/4/2026 11:00:28,Toyota,11,2026-04-20,Pb Qc ,Meeting 3 cs line ,Ok,,
20/4/2026 11:00:52,Toyota,13,2026-04-20,Pb Qc ,Meeting 3 cs line ,Ok,,
20/4/2026 11:08:42,Toyota,14,2026-04-20,Pb Qc ,Meeting 5 cs line ,Ok,,
20/4/2026 11:29:01,Toyota,459,2026-04-20,Pb Qc ,Meeting vp 3 ,Ok,,
20/4/2026 12:16:17,Toyota,43,2026-04-20,Pb Qc ,Oficina group líder Vp ,Ok cambio de canillas,,
20/4/2026 12:38:16,Toyota,16,2026-04-20,Pb Qc ,Meeting 7 cs line,Ok cambio de nonspill,,
20/4/2026 12:39:34,Toyota,17,2026-04-20,Pb Qc ,Meeting VPN 5,Ok cambio de canillas,,
21/4/2026 8:36:33,Toyota,18,2026-04-21,Pb Qc ,Meeting gl columna Q-18,Ok,,
21/4/2026 8:37:24,Toyota,20,2026-04-21,Pb Qc ,Columna Q-19,Ok cambio de canillas ,,
21/4/2026 8:37:48,Toyota,32,2026-04-21,Pb Qc ,Columna Q-19 ,Ok ,,
21/4/2026 8:38:29,Toyota,21,2026-04-21,Pb Qc ,Meeting 7 cs line ,Ok,,
21/4/2026 8:38:48,Toyota,30,2026-04-21,Pb Qc ,Meeting 7 cs line ,Ok,,
21/4/2026 8:41:52,Toyota,19,2026-04-21,Pb Qc ,Meeting VPN 1,Ok,,
21/4/2026 8:42:29,Toyota,646,2026-04-21,Pb Qc ,Meeting VPN 1 ,Ok,,
21/4/2026 8:55:48,Toyota,803,2026-04-21,Sub Qc,Fosa 1,Ok,,
21/4/2026 8:55:51,Toyota,23,2026-04-21,Pb Qc ,Columna R-19,Ok cambio de nonspill,,
21/4/2026 8:57:33,Toyota,27,2026-04-21,Pb Qc ,Oficina jefes columna S-19,Ok cambio de canillas ,,
21/4/2026 9:06:45,Toyota,28,2026-04-21,Pb Qc ,Reparaciones Welding,Ok,,
21/4/2026 9:13:27,Toyota,29,2026-04-21,Pb Qc ,Reparación ensamble,Ok,,
21/4/2026 9:21:56,Toyota,892,2026-04-21,Pb Qc ,Meeting pintura Qc,Ok,,
21/4/2026 9:27:17,Toyota,893,2026-04-21,Pb Qc ,Pintura Qc,Ok,,
21/4/2026 9:43:39,Toyota,26,2026-04-21,Pb Qc ,Playa de estacionamiento final,,,
21/4/2026 9:47:02,Toyota,31,2026-04-21,Pb Qc ,Meeting Linea final ,Ok,,
21/4/2026 9:47:21,Toyota,22,2026-04-21,Pb Qc ,Meeting Linea final ,Ok,,
21/4/2026 10:22:59,Toyota,35,2026-04-21,Pb Qc ,Side  área auditoria,Ok,,
21/4/2026 10:33:46,Toyota,802,2026-04-21,Sub Qc,Fosa 2,Ok,,
21/4/2026 10:33:46,Toyota,802,2026-04-21,Sub Qc,Fosa 2,Ok,,
21/4/2026 10:47:01,Toyota,33,2026-04-21,Ep Qc ,Oficina group líder ensamble ,Ok cambio de nonspill ,,
21/4/2026 11:12:10,Toyota,40,2026-04-21,Ep Qc ,Meeting reparaciones ,Ok cambio de canillas ,,
21/4/2026 11:26:30,Toyota,34,2026-04-21,Pb Qc ,Sector reparaciones linea final 2,Ok,,
21/4/2026 11:45:54,Toyota,41,2026-04-21,Pb Qc ,Meeting de mantenimiento pañol,Ok cambio de canillas ,,
21/4/2026 11:55:39,Toyota,42,2026-04-21,Pb Qc ,Pañol de mantenimiento ,Ok cambio de nonspill ,,
21/4/2026 12:31:05,Toyota,265,2026-04-21,Motores pb,Cartón reciclaje,Ok Gamboa,,
22/4/2026 8:45:49,Toyota,38,2026-04-22,Pb Qc ,Meeting columna R-19,Ok cambio de canillas ,,
22/4/2026 8:45:50,Toyota,38,2026-04-22,Pb Qc ,Meeting columna R-19,Ok cambio de canillas ,,
22/4/2026 8:46:25,Toyota,893,2026-04-22,Pb Qc ,Columna Q19 ,Ok,,
22/4/2026 8:46:26,Toyota,893,2026-04-22,Pb Qc ,Columna Q19 ,Ok,,
22/4/2026 11:58:26,Toyota,36,2026-04-22,Pb Qc ,Meeting confirmación off line ,Ok,,
22/4/2026 11:58:29,Toyota,37,2026-04-22,Pb Qc ,Meeting confirmación off line ,Ok,,
22/4/2026 11:58:34,Toyota,46,2026-04-22,Ep ,Oficina jefes linea final ,Ok cambio de dispenser ,,
22/4/2026 11:58:38,Toyota,47,2026-04-22,Ep linea final ,Oficina de jefes ,Ok,,
22/4/2026 11:58:43,Toyota,49,2026-04-22,Pb Qc ,Curva J-18,Ok,,
22/4/2026 11:58:46,Toyota,48,2026-04-22,Reparaciones al lado de Qc,Meeting reparaciones ,Ok,,
22/4/2026 11:58:49,Toyota,50,2026-04-22,Columna J-18,Oficina group líder reparaciones ,Ok,,
22/4/2026 11:58:53,Toyota,51,2026-04-22,Pb linea final 4,Meeting 5,Ok,,
22/4/2026 11:58:56,Toyota,220,2026-04-22,Pb linea final 4,Meeting 5,Ok,,
22/4/2026 11:59:49,Toyota,53,2026-04-22,Pb Linea final ,Meeting 1,Ok,,
22/4/2026 11:59:50,Toyota,53,2026-04-22,Pb Linea final ,Meeting 1,Ok,,
22/4/2026 12:00:28,Toyota,54,2026-04-22,Pb Linea final 4 ,Meeting Linea final 4,Ok,,
22/4/2026 12:00:29,Toyota,54,2026-04-22,Pb Linea final 4 ,Meeting Linea final 4,Ok,,
22/4/2026 12:00:55,Toyota,55,2026-04-22,Pb Linea final 4 ,Meeting Linea 4,Ok cambio de canillas ,,
22/4/2026 12:00:55,Toyota,55,2026-04-22,Pb Linea final 4 ,Meeting Linea 4,Ok cambio de canillas ,,
22/4/2026 12:01:38,Toyota,174,2026-04-22,pb linea final 2,Meeting Linea final 2,Ok,,
22/4/2026 12:01:39,Toyota,174,2026-04-22,pb linea final 2,Meeting Linea final 2,Ok,,
22/4/2026 12:02:07,Toyota,81,2026-04-22,Linea final 2 ,Meeting linea final 2,Ok,,
22/4/2026 12:02:07,Toyota,81,2026-04-22,Linea final 2 ,Meeting linea final 2,Ok,,
22/4/2026 12:02:47,Toyota,82,2026-04-22,Pb Linea final 2,Meeting linea final 2,Ok cambio de canillas ,,
22/4/2026 12:02:47,Toyota,82,2026-04-22,Pb Linea final 2,Meeting linea final 2,Ok cambio de canillas ,,
5/5/2026 10:33:50,Toyota,60,2026-05-05,Pb linea final 3,Meeting 1,Ok cambio canillas ,,
5/5/2026 10:33:50,Toyota,60,2026-05-05,Pb linea final 3,Meeting 1,Ok cambio canillas ,,
5/5/2026 10:34:10,Toyota,61,2026-05-05,Linea final 4 ,Meeting 2,Ok,,
5/5/2026 10:34:11,Toyota,61,2026-05-05,Linea final 4 ,Meeting 2,Ok,,
5/5/2026 10:34:37,Toyota,70,2026-05-05,Pb puertas ,Mantenimiento ,Ok,,
5/5/2026 10:34:37,Toyota,70,2026-05-05,Pb puertas ,Mantenimiento ,Ok,,
5/5/2026 11:41:39,Toyota,805,2026-05-05,Pb puertas ,Meeting 1,Ok,,
5/5/2026 11:41:40,Toyota,805,2026-05-05,Pb puertas ,Meeting 1,Ok,,
5/5/2026 11:42:04,Toyota,79,2026-05-05,Pb puertas ,Meeting 2 ,Ok,,
5/5/2026 11:42:05,Toyota,79,2026-05-05,Pb puertas ,Meeting 2 ,Ok,,
5/5/2026 11:42:55,Toyota,80,2026-05-05,Pb puertas,Meeting 3,Ok cambio de canillas ,,
5/5/2026 11:42:55,Toyota,80,2026-05-05,Pb puertas,Meeting 3,Ok cambio de canillas ,,
5/5/2026 11:43:31,Toyota,99,2026-05-05,Pb puertas ,Meeting group lider,Ok,,
5/5/2026 11:43:31,Toyota,99,2026-05-05,Pb puertas ,Meeting group lider,Ok,,
5/5/2026 11:44:02,Toyota,894,2026-05-05,Pb canopy sur,Meeting 1,Ok cambio de nonspill ,,
5/5/2026 11:44:03,Toyota,894,2026-05-05,Pb canopy sur,Meeting 1,Ok cambio de nonspill ,,
5/5/2026 11:44:29,Toyota,86,2026-05-05,Pb canopy sur ,Meeting 1,Ok,,
5/5/2026 11:44:31,Toyota,86,2026-05-05,Pb canopy sur ,Meeting 1,Ok,,
5/5/2026 11:45:03,Toyota,85,2026-05-05,Pb canopy sur,Meeting 1,Ok,,
5/5/2026 11:45:03,Toyota,85,2026-05-05,Pb canopy sur,Meeting 1,Ok,,
5/5/2026 11:45:27,Toyota,87,2026-05-05,Pb canopy sur ,Meeting 2 ,Ok,,
5/5/2026 11:45:30,Toyota,87,2026-05-05,Pb canopy sur ,Meeting 2 ,Ok,,
5/5/2026 11:45:53,Toyota,88,2026-05-05,Pb canopy sur,Oficina group líder ,Ok,,
5/5/2026 11:45:53,Toyota,88,2026-05-05,Pb canopy sur,Oficina group líder ,Ok,,
5/5/2026 11:46:22,Toyota,125,2026-05-05,Pb canopy central,Meeting 1 ,Ok,,
5/5/2026 11:46:22,Toyota,125,2026-05-05,Pb canopy central,Meeting 1 ,Ok,,
5/5/2026 11:46:45,Toyota,256,2026-05-05,Pb canopy central ,Meeting 1 ,Ok,,
5/5/2026 11:46:46,Toyota,256,2026-05-05,Pb canopy central ,Meeting 1 ,Ok,,
5/5/2026 11:47:14,Toyota,893,2026-05-05,Pb canopy central ,Meeting 1 ,Ok,,
5/5/2026 11:47:14,Toyota,893,2026-05-05,Pb canopy central ,Meeting 1 ,Ok,,
5/5/2026 11:48:03,Toyota,83,2026-05-05,Pb canopy central ,Meeting 1 ,Ok,,
5/5/2026 11:48:03,Toyota,83,2026-05-05,Pb canopy central ,Meeting 1 ,Ok,,
5/5/2026 11:48:38,Toyota,94,2026-05-05,Pb canopy central ,Linea l 23,Ok,,
5/5/2026 11:48:38,Toyota,94,2026-05-05,Pb canopy central ,Linea l 23,Ok,,
5/5/2026 11:49:43,Toyota,103,2026-05-05,Pb canopy central ,Linea columna L-21,Ok,,
5/5/2026 11:49:49,Toyota,103,2026-05-05,Pb canopy central ,Linea columna L-21,Ok,,
11/5/2026 11:42:26,Toyota,131,2026-05-11,Pb chasis,Chasis 4,Ok cambio de canillas ,,
11/5/2026 11:42:28,Toyota,131,2026-05-11,Pb chasis,Chasis 4,Ok cambio de canillas ,,
11/5/2026 11:43:39,Toyota,137,2026-05-11,Pb chasis ,Chasis 4 meeting 1,Ok,,
11/5/2026 11:43:40,Toyota,137,2026-05-11,Pb chasis ,Chasis 4 meeting 1,Ok,,
11/5/2026 11:45:03,Toyota,106,2026-05-11,Pb chasis 4,Meeting 3,Ok,,
11/5/2026 11:45:03,Toyota,106,2026-05-11,Pb chasis 4,Meeting 3,Ok,,
11/5/2026 11:45:59,Toyota,136,2026-05-11,Pb chasis,Meeting 3 chasis 4,Ok,,
11/5/2026 11:45:59,Toyota,136,2026-05-11,Pb chasis,Meeting 3 chasis 4,Ok,,
11/5/2026 11:46:36,Toyota,148,2026-05-11,Pb chasis,Group líder chasis 4,Ok,,
11/5/2026 11:46:38,Toyota,148,2026-05-11,Pb chasis,Group líder chasis 4,Ok,,
11/5/2026 11:47:42,Toyota,138,2026-05-11,Pb chasis,Meeting 1 chasis 3,Ok,,
11/5/2026 11:47:44,Toyota,138,2026-05-11,Pb chasis,Meeting 1 chasis 3,Ok,,
11/5/2026 11:48:57,Toyota,90,2026-05-11,Pb  chasis ,Columna k-25,Ok,,
11/5/2026 11:48:58,Toyota,90,2026-05-11,Pb  chasis ,Columna k-25,Ok,,
11/5/2026 11:49:53,Toyota,93,2026-05-11,Pb chasis ,Pb columna J-25,Ok,,
11/5/2026 11:49:54,Toyota,93,2026-05-11,Pb chasis ,Pb columna J-25,Ok,,
11/5/2026 11:50:54,Toyota,109,2026-05-11,1 piso jundate,Oficina jefes,Ok,,
11/5/2026 11:50:55,Toyota,109,2026-05-11,1 piso jundate,Oficina jefes,Ok,,
11/5/2026 11:51:38,Toyota,108,2026-05-11,Pb jundate,Columna 18,Ok,,
11/5/2026 11:51:40,Toyota,108,2026-05-11,Pb jundate,Columna 18,Ok,,
11/5/2026 11:52:13,Toyota,110,2026-05-11,Pb jundate,Meeting 1,Ok,,
11/5/2026 11:52:14,Toyota,110,2026-05-11,Pb jundate,Meeting 1,Ok,,
11/5/2026 11:52:56,Toyota,111,2026-05-11,Pb jundate ,Meeting 3,Ok,,
11/5/2026 11:52:57,Toyota,111,2026-05-11,Pb jundate ,Meeting 3,Ok,,
11/5/2026 11:53:32,Toyota,95,2026-05-11,Pb canopy sur,Columna L-29,Ok,,
11/5/2026 11:53:32,Toyota,95,2026-05-11,Pb canopy sur,Columna L-29,Ok,,
11/5/2026 11:54:30,Toyota,96,2026-05-11,Pb mh sur,Columna L-30,Ok,,
11/5/2026 11:54:31,Toyota,96,2026-05-11,Pb mh sur,Columna L-30,Ok,,
11/5/2026 11:55:12,Toyota,97,2026-05-11,Pb canopy este ,Columna -k 30,Ok,,
11/5/2026 11:55:13,Toyota,97,2026-05-11,Pb canopy este ,Columna -k 30,Ok,,
11/5/2026 11:55:49,Toyota,98,2026-05-11,Pb canopy este,Columna K-30,Ok,,
11/5/2026 11:55:50,Toyota,98,2026-05-11,Pb canopy este,Columna K-30,Ok,,
11/5/2026 11:56:29,Toyota,134,2026-05-11,Pb chasis 4,Columna J-30,Ok,,
11/5/2026 11:56:30,Toyota,134,2026-05-11,Pb chasis 4,Columna J-30,Ok,,
11/5/2026 11:57:03,Toyota,102,2026-05-11,Pb canopy este,Columna J -29,Ok,,
11/5/2026 11:57:03,Toyota,102,2026-05-11,Pb canopy este,Columna J -29,Ok,,
11/5/2026 11:57:32,Toyota,107,2026-05-11,Pb canopy este ,Columna J -28,Ok,,
11/5/2026 11:57:33,Toyota,107,2026-05-11,Pb canopy este ,Columna J -28,Ok,,
11/5/2026 11:58:09,Toyota,895,2026-05-11,Pb canopy este ,Columna J-28,Ok,,
11/5/2026 11:58:10,Toyota,895,2026-05-11,Pb canopy este ,Columna J-28,Ok,,
11/5/2026 11:58:36,Toyota,69,2026-05-11,Pb canopy este ,Columna J-27,Ok,,
11/5/2026 11:58:37,Toyota,69,2026-05-11,Pb canopy este ,Columna J-27,Ok,,
11/5/2026 11:58:56,Toyota,100,2026-05-11,Pb canopy este ,Columna J-27,Ok,,
11/5/2026 11:58:56,Toyota,100,2026-05-11,Pb canopy este ,Columna J-27,Ok,,
11/5/2026 11:59:28,Toyota,806,2026-05-11,Pb Dress up,Columna I-25,Ok,,
11/5/2026 11:59:29,Toyota,806,2026-05-11,Pb Dress up,Columna I-25,Ok,,
11/5/2026 12:00:13,Toyota,126,2026-05-11,pb chasis 5,Meeting 1,Ok,,
11/5/2026 12:00:14,Toyota,126,2026-05-11,pb chasis 5,Meeting 1,Ok,,
11/5/2026 12:00:32,Toyota,130,2026-05-11,Pb chasis 4 ,Oficina group líder ,Ok,,
11/5/2026 12:00:32,Toyota,130,2026-05-11,Pb chasis 4 ,Oficina group líder ,Ok,,
11/5/2026 12:00:52,Toyota,135,2026-05-11,Pb chasis 4 ,Columna I-30,Ok,,
11/5/2026 12:00:54,Toyota,135,2026-05-11,Pb chasis 4 ,Columna I-30,Ok,,
11/5/2026 12:01:14,Toyota,128,2026-05-11,Chasis 4,Kamban,Ok,,
11/5/2026 12:01:15,Toyota,128,2026-05-11,Chasis 4,Kamban,Ok,,
12/5/2026 9:04:27,Toyota,348,2026-05-12,Pb comedor 1,Comedor,Ok,,
12/5/2026 9:04:28,Toyota,348,2026-05-12,Pb comedor 1,Comedor,Ok,,
12/5/2026 9:04:44,Toyota,347,2026-05-12,Pb comedor 1,Comedor,Ok,,
12/5/2026 9:04:44,Toyota,347,2026-05-12,Pb comedor 1,Comedor,Ok,,
12/5/2026 9:05:07,Toyota,349,2026-05-12,Comedor 1,Comedor ,Ok,,
12/5/2026 9:05:08,Toyota,349,2026-05-12,Comedor 1,Comedor ,Ok,,
12/5/2026 9:05:37,Toyota,350,2026-05-12,Pb comedor 1,Comedor ,Ok,,
12/5/2026 9:05:37,Toyota,350,2026-05-12,Pb comedor 1,Comedor ,Ok,,
12/5/2026 9:18:55,Toyota,351,2026-05-12,Pb comedor 1 ,Comedor ,Ok,,
12/5/2026 9:18:55,Toyota,351,2026-05-12,Pb comedor 1 ,Comedor ,Ok,,
12/5/2026 9:19:21,Toyota,881,2026-05-12,Pb comedor 1,Comedor,Ok cambio de canillas ,,
12/5/2026 9:19:21,Toyota,881,2026-05-12,Pb comedor 1,Comedor,Ok cambio de canillas ,,
12/5/2026 9:45:27,Toyota,678,2026-05-12,Pb comedor 2,Comedor,Ok cambio de canillas ,,
12/5/2026 9:45:27,Toyota,678,2026-05-12,Pb comedor 2,Comedor,Ok cambio de canillas ,,
12/5/2026 9:45:51,Toyota,675,2026-05-12,Pb comedor 2 ,Comedor,Ok,,
12/5/2026 9:45:52,Toyota,675,2026-05-12,Pb comedor 2 ,Comedor,Ok,,
12/5/2026 10:10:22,Toyota,896,2026-05-12,Pb comedor 2 ,Adentro de la cocina,Ok,,
12/5/2026 10:10:22,Toyota,896,2026-05-12,Pb comedor 2 ,Adentro de la cocina,Ok,,
12/5/2026 10:11:45,Toyota,587,2026-05-12,Pb comedor 2 ,Comedor ,Ok,,
12/5/2026 10:11:45,Toyota,587,2026-05-12,Pb comedor 2 ,Comedor ,Ok,,
12/5/2026 10:12:08,Toyota,586,2026-05-12,Pb comedor 2,Comedor ,Ok cambio de canillas ,,
12/5/2026 10:12:09,Toyota,586,2026-05-12,Pb comedor 2,Comedor ,Ok cambio de canillas ,,
12/5/2026 11:07:49,Toyota,897,2026-05-12,Pb jundate,Oficina jefes jundate,Ok,,
12/5/2026 12:15:56,Toyota,113,2026-05-12,Pb jundate ,Columna I-23,Ok,,
12/5/2026 12:16:00,Toyota,177,2026-05-12,Pb jundate ,Of group lider,Ok,,
12/5/2026 12:16:02,Toyota,804,2026-05-12,Pb chasis ,Meeting de limpialux,Ok,,
12/5/2026 12:17:13,Toyota,898,2026-05-12,1 piso final Jundate ,Oficina pañol ,Ok,,
12/5/2026 12:17:14,Toyota,898,2026-05-12,1 piso final Jundate ,Oficina pañol ,Ok,,
12/5/2026 12:17:55,Toyota,143,2026-05-12,Pb chasis,Linea 3,Ok,,
12/5/2026 12:17:55,Toyota,143,2026-05-12,Pb chasis,Linea 3,Ok,,
12/5/2026 12:18:26,Toyota,44,2026-05-12,Pb chasis 3,Meeting 2 ,Ok,,
12/5/2026 12:18:27,Toyota,44,2026-05-12,Pb chasis 3,Meeting 2 ,Ok,,
12/5/2026 12:19:01,Toyota,154,2026-05-12,Pb chasis 4 ,Meeting 3 ,Ok cambio de canillas ,,
12/5/2026 12:19:02,Toyota,154,2026-05-12,Pb chasis 4 ,Meeting 3 ,Ok cambio de canillas ,,
12/5/2026 12:19:28,Toyota,151,2026-05-12,Pb chasis,Meeting 4,Ok cambio de canillas ,,
12/5/2026 12:19:28,Toyota,151,2026-05-12,Pb chasis,Meeting 4,Ok cambio de canillas ,,
12/5/2026 12:19:46,Toyota,152,2026-05-12,Pb chasis,Meeting 4,Ok,,
12/5/2026 12:20:10,Toyota,153,2026-05-12,Pb chasis,Meeting 5,Ok,,
12/5/2026 12:20:10,Toyota,153,2026-05-12,Pb chasis,Meeting 5,Ok,,
12/5/2026 12:20:35,Toyota,175,2026-05-12,Pb chasis ,Meeting 5,Ok,,
12/5/2026 12:20:35,Toyota,175,2026-05-12,Pb chasis ,Meeting 5,Ok,,
12/5/2026 12:37:06,Toyota,141,2026-05-12,1 piso,Oficina jefes chasis,Ok cambio de canillas ,,
12/5/2026 12:37:07,Toyota,141,2026-05-12,1 piso,Oficina jefes chasis,Ok cambio de canillas ,,
13/5/2026 11:45:13,Toyota,233,2026-05-13,1 piso ensamble ,Oficina de jefes ensamble ,Ok,,
13/5/2026 11:45:14,Toyota,216,2026-05-13,Pb ensamble ,Meeting linea final 1,Ok,,
13/5/2026 11:45:14,Toyota,167,2026-05-13,Pb chasis ,Oficina group líder de chasis 4,Ok,,
13/5/2026 11:45:15,Toyota,105,2026-05-13,Pb door on,Meeting door on,Ok,,
13/5/2026 11:45:15,Toyota,899,2026-05-13,Pb ensamble ,Linea final 2 meeting ,Ok,,
13/5/2026 11:45:16,Toyota,147,2026-05-13,Pb door on ,Linea,Ok,,
13/5/2026 11:45:16,Toyota,222,2026-05-13,Pb ensamble ,Oficina group líder gl final,Ok,,
13/5/2026 11:45:17,Toyota,156,2026-05-13,Pb chasis ,Meeting 6,Ok,,
13/5/2026 11:45:18,Toyota,215,2026-05-13,Pb ensamble ,Meeting linea final 1,Ok,,
13/5/2026 11:45:20,Toyota,104,2026-05-13,Pb door on ,Meeting door on ,Ok,,
13/5/2026 11:45:21,Toyota,218,2026-05-13,Pb ensamble ,"Meeting final 1,nro 2",Ok,,
13/5/2026 11:45:21,Toyota,76,2026-05-13,Pb chasis ,Chasis mh,Ok,,
13/5/2026 11:45:21,Toyota,160,2026-05-13,Pb chasis ,Oficina group líder de mantenimiento ,Ok,,
13/5/2026 11:45:22,Toyota,810,2026-05-13,Pb ensamble ,Final 1 pit 16,Ok,,
13/5/2026 11:45:22,Toyota,679,2026-05-13,Pb chasis,Pañol,Ok,,
13/5/2026 11:45:22,Toyota,142,2026-05-13,Pb door on,Linea ,Ok,,
13/5/2026 11:45:22,Toyota,281,2026-05-13,Pb Hiace,Linea de produccion,Ok cambio de dispenser,,
13/5/2026 11:45:22,Toyota,56,2026-05-13,Pb ensamble ,Meeting 2 de final 1,Ok,,
13/5/2026 11:45:22,Toyota,165,2026-05-13,Pb chasis,Meeting mh,Ok,,
13/5/2026 11:45:22,Toyota,158,2026-05-13,Pb chasis ,Meeting 6,Ok,,
13/5/2026 11:45:23,Toyota,169,2026-05-13,Pb chasis,Meeting 6,Ok,,
13/5/2026 11:45:23,Toyota,304,2026-05-13,Pb chasis 3,Meeting 5,Ok,,
13/5/2026 11:45:23,Toyota,284,2026-05-13,Pb Hiace,Back up produccion,Ok cambio de dispenser ,,
13/5/2026 11:45:23,Toyota,163,2026-05-13,1 piso pañol chasis ,Oficina pañol,Ok,,
13/5/2026 11:45:23,Toyota,139,2026-05-13,Pb door on ,Linea,Ok,,
13/5/2026 11:45:23,Toyota,234,2026-05-13,Pb ensamble ,Meeting linea final 1,Ok,,
13/5/2026 11:45:23,Toyota,235,2026-05-13,Pb ensamble ,Caja de pitch 1,Ok,,
13/5/2026 11:45:23,Toyota,140,2026-05-13,Pb door on,Linea,Ok,,
13/5/2026 11:45:26,Toyota,281,2026-05-13,Pb Hiace,Linea de produccion,Ok cambio de dispenser,,
13/5/2026 11:45:29,Toyota,284,2026-05-13,Pb Hiace,Back up produccion,Ok cambio de dispenser ,,
13/5/2026 11:45:32,Toyota,304,2026-05-13,Pb chasis 3,Meeting 5,Ok,,
13/5/2026 11:45:35,Toyota,156,2026-05-13,Pb chasis ,Meeting 6,Ok,,
13/5/2026 11:45:40,Toyota,169,2026-05-13,Pb chasis,Meeting 6,Ok,,
13/5/2026 11:45:42,Toyota,158,2026-05-13,Pb chasis ,Meeting 6,Ok,,
13/5/2026 11:45:46,Toyota,679,2026-05-13,Pb chasis,Pañol,Ok,,
13/5/2026 11:45:49,Toyota,160,2026-05-13,Pb chasis ,Oficina group líder de mantenimiento ,Ok,,
13/5/2026 11:45:54,Toyota,163,2026-05-13,1 piso pañol chasis ,Oficina pañol,Ok,,
13/5/2026 11:45:57,Toyota,76,2026-05-13,Pb chasis ,Chasis mh,Ok,,
13/5/2026 11:46:00,Toyota,165,2026-05-13,Pb chasis,Meeting mh,Ok,,
13/5/2026 11:46:02,Toyota,167,2026-05-13,Pb chasis ,Oficina group líder de chasis 4,Ok,,
13/5/2026 11:46:05,Toyota,227,2026-05-13,Pb ensamble ,Meeting trym 2,Ok,,
13/5/2026 11:46:06,Toyota,222,2026-05-13,Pb ensamble ,Oficina group líder gl final,Ok,,
13/5/2026 11:46:07,Toyota,227,2026-05-13,Pb ensamble ,Meeting trym 2,Ok,,
13/5/2026 11:46:10,Toyota,56,2026-05-13,Pb ensamble ,Meeting 2 de final 1,Ok,,
13/5/2026 11:46:12,Toyota,810,2026-05-13,Pb ensamble ,Final 1 pit 16,Ok,,
13/5/2026 11:46:15,Toyota,218,2026-05-13,Pb ensamble ,"Meeting final 1,nro 2",Ok,,
13/5/2026 11:46:19,Toyota,899,2026-05-13,Pb ensamble ,Linea final 2 meeting ,Ok,,
13/5/2026 11:46:22,Toyota,215,2026-05-13,Pb ensamble ,Meeting linea final 1,Ok,,
13/5/2026 11:46:25,Toyota,234,2026-05-13,Pb ensamble ,Meeting linea final 1,Ok,,
13/5/2026 11:46:28,Toyota,105,2026-05-13,Pb door on,Meeting door on,Ok,,
13/5/2026 11:46:30,Toyota,104,2026-05-13,Pb door on ,Meeting door on ,Ok,,
13/5/2026 11:46:33,Toyota,142,2026-05-13,Pb door on,Linea ,Ok,,
13/5/2026 11:46:35,Toyota,147,2026-05-13,Pb door on ,Linea,Ok,,
13/5/2026 11:46:38,Toyota,139,2026-05-13,Pb door on ,Linea,Ok,,
13/5/2026 11:46:42,Toyota,140,2026-05-13,Pb door on,Linea,Ok,,
13/5/2026 11:46:46,Toyota,235,2026-05-13,Pb ensamble ,Caja de pitch 1,Ok,,
13/5/2026 11:46:49,Toyota,445,2026-05-13,Pb ensamble ,Meeting trym 2,Ok,,
13/5/2026 11:46:53,Toyota,445,2026-05-13,Pb ensamble ,Meeting trym 2,Ok,,
13/5/2026 11:47:15,Toyota,900,2026-05-13,Pb ensamble ,Meeting trym 2,Ok,,
13/5/2026 11:47:16,Toyota,900,2026-05-13,Pb ensamble ,Meeting trym 2,Ok,,
13/5/2026 11:47:44,Toyota,295,2026-05-13,Pb ensamble ,Meeting trym 2,Ok,,
13/5/2026 11:47:44,Toyota,295,2026-05-13,Pb ensamble ,Meeting trym 2,Ok,,
13/5/2026 11:48:11,Toyota,296,2026-05-13,Pb ensamble ,Meeting trym 2,Ok,,
13/5/2026 11:48:12,Toyota,296,2026-05-13,Pb ensamble ,Meeting trym 2,Ok,,
13/5/2026 11:48:57,Toyota,214,2026-05-13,Pb ensamble ,Meeting trym 2,Ok,,
13/5/2026 11:48:57,Toyota,214,2026-05-13,Pb ensamble ,Meeting trym 2,Ok,,
13/5/2026 11:49:22,Toyota,74,2026-05-13,Pb ensamble ,Of group líder trym 2 ,Ok,,
13/5/2026 11:49:23,Toyota,74,2026-05-13,Pb ensamble ,Of group líder trym 2 ,Ok,,
13/5/2026 11:49:51,Toyota,298,2026-05-13,Pb ensamble ,Meeting trym 32,Ok,,
13/5/2026 11:49:51,Toyota,298,2026-05-13,Pb ensamble ,Meeting trym 32,Ok,,
13/5/2026 11:50:27,Toyota,315,2026-05-13,Pb ensamble ,Columna I -16,Ok,,
13/5/2026 11:50:27,Toyota,315,2026-05-13,Pb ensamble ,Columna I -16,Ok,,
13/5/2026 11:51:00,Toyota,212,2026-05-13,Pb ensamble final ,Linea final 3 meeting 15,Ok,,
13/5/2026 11:51:00,Toyota,212,2026-05-13,Pb ensamble final ,Linea final 3 meeting 15,Ok,,
13/5/2026 11:51:22,Toyota,211,2026-05-13,Pb ensamble final 3,Meeting 15,Ok,,
13/5/2026 11:51:22,Toyota,211,2026-05-13,Pb ensamble final 3,Meeting 15,Ok,,
13/5/2026 11:51:41,Toyota,213,2026-05-13,Pb ensamble final 3,Meeting 13,Ok,,
13/5/2026 11:51:41,Toyota,213,2026-05-13,Pb ensamble final 3,Meeting 13,Ok,,
13/5/2026 11:52:08,Toyota,210,2026-05-13,Pb ensamble final 3,Meeting 16,Ok,,
13/5/2026 11:52:09,Toyota,210,2026-05-13,Pb ensamble final 3,Meeting 16,Ok,,
13/5/2026 11:52:30,Toyota,209,2026-05-13,Pb ensamble final 3 ,Meeting 12,Ok,,
13/5/2026 11:52:31,Toyota,209,2026-05-13,Pb ensamble final 3 ,Meeting 12,Ok,,
13/5/2026 11:52:56,Toyota,208,2026-05-13,Pb ensamble final 3 ,Col H-19,Ok,,
13/5/2026 11:52:56,Toyota,208,2026-05-13,Pb ensamble final 3 ,Col H-19,Ok,,
13/5/2026 11:53:21,Toyota,207,2026-05-13,Pb ensamble final 3 ,Meeting 10,Ok,,
13/5/2026 11:53:21,Toyota,207,2026-05-13,Pb ensamble final 3 ,Meeting 10,Ok,,
13/5/2026 11:53:39,Toyota,204,2026-05-13,Pb ensamble final 3 ,Meeting 9,Ok,,
13/5/2026 11:53:39,Toyota,204,2026-05-13,Pb ensamble final 3 ,Meeting 9,Ok,,
13/5/2026 11:53:55,Toyota,850,2026-05-13,Pb ensamble final 3 ,Meeting 7,Ok,,
13/5/2026 11:53:56,Toyota,850,2026-05-13,Pb ensamble final 3 ,Meeting 7,Ok,,
13/5/2026 11:54:14,Toyota,205,2026-05-13,Pb ensamble final 3 ,Meeting 6,Ok,,
13/5/2026 11:54:15,Toyota,205,2026-05-13,Pb ensamble final 3 ,Meeting 6,Ok,,
13/5/2026 11:54:55,Toyota,201,2026-05-13,Pb ensamble final 3 ,Oficina mantenimiento de ensamble ,Ok,,
13/5/2026 11:54:55,Toyota,201,2026-05-13,Pb ensamble final 3 ,Oficina mantenimiento de ensamble ,Ok,,
13/5/2026 11:55:20,Toyota,807,2026-05-13,Pb ensamble final 3 ,Columna H-23,Ok,,
13/5/2026 11:55:21,Toyota,807,2026-05-13,Pb ensamble final 3 ,Columna H-23,Ok,,
13/5/2026 11:55:44,Toyota,808,2026-05-13,Pb ensamble final 3 ,Meeting 15,Ok,,
13/5/2026 11:55:46,Toyota,808,2026-05-13,Pb ensamble final 3 ,Meeting 15,Ok,,
13/5/2026 11:57:27,Toyota,203,2026-05-13,1 ensamble final 3 ,Oficina de jefes ,Ok,,
13/5/2026 11:57:28,Toyota,203,2026-05-13,1 ensamble final 3 ,Oficina de jefes ,Ok,,
13/5/2026 11:57:53,Toyota,301,2026-05-13,Pb trym 2,Meeting trym 2,Ok,,
13/5/2026 11:57:55,Toyota,301,2026-05-13,Pb trym 2,Meeting trym 2,Ok,,
13/5/2026 11:58:28,Toyota,231,2026-05-13,Ep ensamble ,Base elevada ,Ok,,
13/5/2026 11:58:29,Toyota,231,2026-05-13,Ep ensamble ,Base elevada ,Ok,,
13/5/2026 11:58:48,Toyota,229,2026-05-13,Ep ensamble ,Base elevada,Ok,,
13/5/2026 11:58:49,Toyota,229,2026-05-13,Ep ensamble ,Base elevada,Ok,,
13/5/2026 11:59:14,Toyota,230,2026-05-13,Pb ensamble ,Meeting trym 2,Ok,,
13/5/2026 11:59:14,Toyota,230,2026-05-13,Pb ensamble ,Meeting trym 2,Ok,,
15/5/2026 11:55:22,Toyota,242,2026-05-15,Pb ensamble ,Meeting 2 ,Ok,,
15/5/2026 11:55:22,Toyota,242,2026-05-15,Pb ensamble ,Meeting 2 ,Ok,,
15/5/2026 11:55:56,Toyota,232,2026-05-15,Pb ensamble ,Ensamble final 2,Ok,,
15/5/2026 11:55:56,Toyota,232,2026-05-15,Pb ensamble ,Ensamble final 2,Ok,,
15/5/2026 11:57:06,Toyota,300,2026-05-15,Pb ensamble ,Meeting 14,Ok,,
15/5/2026 11:57:06,Toyota,300,2026-05-15,Pb ensamble ,Meeting 14,Ok,,
15/5/2026 11:58:43,Toyota,240,2026-05-15,Pb ensamble ,Columna F-22,Ok,,
15/5/2026 11:58:45,Toyota,240,2026-05-15,Pb ensamble ,Columna F-22,Ok,,
15/5/2026 11:59:28,Toyota,521,2026-05-15,Pb ensamble ,Columna F-22,Ok,,
15/5/2026 11:59:29,Toyota,521,2026-05-15,Pb ensamble ,Columna F-22,Ok,,
15/5/2026 12:00:17,Toyota,238,2026-05-15,Pb ensamble ,Columna F-21,Ok,,
15/5/2026 12:00:18,Toyota,238,2026-05-15,Pb ensamble ,Columna F-21,Ok,,
15/5/2026 12:00:43,Toyota,237,2026-05-15,Pb ensamble ,Columna F-22 ,Ok,,
15/5/2026 12:00:44,Toyota,237,2026-05-15,Pb ensamble ,Columna F-22 ,Ok,,
15/5/2026 12:01:04,Toyota,239,2026-05-15,Pb ensamble ,Columna F-22 ,Ok,,
15/5/2026 12:01:05,Toyota,239,2026-05-15,Pb ensamble ,Columna F-22 ,Ok,,
15/5/2026 12:01:32,Toyota,901,2026-05-15,Pb ensamble ,Group líder ,Ok,,
15/5/2026 12:01:32,Toyota,901,2026-05-15,Pb ensamble ,Group líder ,Ok,,
15/5/2026 12:02:03,Toyota,902,2026-05-15,Pb Welding ,Columna E-19,Ok,,
15/5/2026 12:02:03,Toyota,902,2026-05-15,Pb Welding ,Columna E-19,Ok,,
15/5/2026 12:03:04,Toyota,812,2026-05-15,Pb Welding ,Trym,Ok,,
15/5/2026 12:03:05,Toyota,812,2026-05-15,Pb Welding ,Trym,Ok,,
15/5/2026 12:04:00,Toyota,241,2026-05-15,Pb Welding ,Meeting 4,Ok,,
15/5/2026 12:04:00,Toyota,241,2026-05-15,Pb Welding ,Meeting 4,Ok,,
15/5/2026 12:05:34,Toyota,302,2026-05-15,Pb Welding ,Meeting 4 ,Ok,,
15/5/2026 12:05:35,Toyota,302,2026-05-15,Pb Welding ,Meeting 4 ,Ok,,
15/5/2026 12:06:02,Toyota,275,2026-05-15,Pb Welding ,By pass,Ok,,
15/5/2026 12:06:02,Toyota,275,2026-05-15,Pb Welding ,By pass,Ok,,
15/5/2026 12:06:53,Toyota,318,2026-05-15,Pb welding,Meteting,Ok,,
15/5/2026 12:06:54,Toyota,318,2026-05-15,Pb welding,Meteting,Ok,,
15/5/2026 12:07:16,Toyota,903,2026-05-15,Pb Welding ,Columna E,Ok,,
15/5/2026 12:07:17,Toyota,903,2026-05-15,Pb Welding ,Columna E,Ok,,
15/5/2026 12:09:20,Toyota,274,2026-05-15,Pb Welding ,Linea slat,Ok,,
15/5/2026 12:09:21,Toyota,274,2026-05-15,Pb Welding ,Linea slat,Ok,,
15/5/2026 12:09:46,Toyota,465,2026-05-15,Pb Welding ,Linea de slat ,Ok,,
15/5/2026 12:09:47,Toyota,465,2026-05-15,Pb Welding ,Linea de slat ,Ok,,
15/5/2026 12:10:06,Toyota,466,2026-05-15,Pb Welding ,Linea de slat ,Ok,,
15/5/2026 12:10:06,Toyota,466,2026-05-15,Pb Welding ,Linea de slat ,Ok,,
15/5/2026 12:10:26,Toyota,467,2026-05-15,Pb Welding ,Linea de slat ,Ok,,
15/5/2026 12:10:27,Toyota,467,2026-05-15,Pb Welding ,Linea de slat ,Ok,,
15/5/2026 12:10:42,Toyota,468,2026-05-15,Pb Welding ,Linea de slat ,Ok,,
15/5/2026 12:10:44,Toyota,468,2026-05-15,Pb Welding ,Linea de slat ,Ok,,
15/5/2026 12:10:57,Toyota,469,2026-05-15,Pb Welding ,Linea de slat ,Ok,,
15/5/2026 12:10:57,Toyota,469,2026-05-15,Pb Welding ,Linea de slat ,Ok,,
15/5/2026 12:11:39,Toyota,838,2026-05-15,Pb Welding ,Meeting hemm,Ok,,
15/5/2026 12:11:40,Toyota,838,2026-05-15,Pb Welding ,Meeting hemm,Ok,,
15/5/2026 12:12:00,Toyota,330,2026-05-15,Pb Welding ,Meeting hemm ,Ok,,
15/5/2026 12:12:01,Toyota,330,2026-05-15,Pb Welding ,Meeting hemm ,Ok,,
15/5/2026 12:12:31,Toyota,430,2026-05-15,Pb Welding ,Meeting hemm ,Ok,,
15/5/2026 12:12:31,Toyota,430,2026-05-15,Pb Welding ,Meeting hemm ,Ok,,
15/5/2026 12:13:24,Toyota,406,2026-05-15,Pb Welding ,Meteting gl,Ok,,
15/5/2026 12:13:24,Toyota,406,2026-05-15,Pb Welding ,Meteting gl,Ok,,
15/5/2026 12:14:00,Toyota,429,2026-05-15,Pb Welding ,Meteting body,Ok,,
15/5/2026 12:14:02,Toyota,429,2026-05-15,Pb Welding ,Meteting body,Ok,,
15/5/2026 12:14:47,Toyota,400,2026-05-15,Pb Welding ,Meteting body,Ok,,
15/5/2026 12:14:48,Toyota,400,2026-05-15,Pb Welding ,Meteting body,Ok,,
15/5/2026 12:15:37,Toyota,402,2026-05-15,Pb Welding ,1 piso gl ,Ok,,
15/5/2026 12:15:38,Toyota,402,2026-05-15,Pb Welding ,1 piso gl ,Ok,,
15/5/2026 12:16:08,Toyota,403,2026-05-15,1 piso Welding dojo,Oficina gl,Ok,,
15/5/2026 12:16:08,Toyota,403,2026-05-15,1 piso Welding dojo,Oficina gl,Ok,,
15/5/2026 12:16:57,Toyota,321,2026-05-15,Pb Welding ,Meeting mayn body,Ok,,
15/5/2026 12:16:58,Toyota,321,2026-05-15,Pb Welding ,Meeting mayn body,Ok,,
15/5/2026 12:17:26,Toyota,329,2026-05-15,Pb Welding ,Meeting mayn body,Ok,,
15/5/2026 12:17:27,Toyota,329,2026-05-15,Pb Welding ,Meeting mayn body,Ok,,
15/5/2026 12:18:08,Toyota,331,2026-05-15,Pb Welding ,Meeting main body,Ok,,
15/5/2026 12:18:09,Toyota,331,2026-05-15,Pb Welding ,Meeting main body,Ok,,
15/5/2026 12:18:35,Toyota,405,2026-05-15,Pb Welding ,Meeting main body ,Ok,,
15/5/2026 12:18:40,Toyota,405,2026-05-15,Pb Welding ,Meeting main body ,Ok,,
15/5/2026 12:19:01,Toyota,319,2026-05-15,Pb Welding ,Meeting mayn body,Ok,,
15/5/2026 12:19:01,Toyota,319,2026-05-15,Pb Welding ,Meeting mayn body,Ok,,
15/5/2026 12:19:23,Toyota,328,2026-05-15,Pb Welding ,Meeting mayn body ,Ok,,
15/5/2026 12:19:24,Toyota,328,2026-05-15,Pb Welding ,Meeting mayn body ,Ok,,
15/5/2026 12:24:13,Toyota,449,2026-05-15,1 piso mezzanine ,Mantenimiento t-cross,Ok,,
15/5/2026 12:24:14,Toyota,449,2026-05-15,1 piso mezzanine ,Mantenimiento t-cross,Ok,,
15/5/2026 12:24:42,Toyota,451,2026-05-15,1 piso mezzanine ,Supervisión soldadura,Ok,,
15/5/2026 12:24:42,Toyota,451,2026-05-15,1 piso mezzanine ,Supervisión soldadura,Ok,,
15/5/2026 12:25:30,Toyota,450,2026-05-15,1 piso mezzanine ,Ofina de dertin,Ok,,
15/5/2026 12:25:31,Toyota,450,2026-05-15,1 piso mezzanine ,Ofina de dertin,Ok,,
15/5/2026 12:25:49,Toyota,464,2026-05-15,1 piso mezzanine ,Ccr oficina ,Ok,,
15/5/2026 12:25:49,Toyota,464,2026-05-15,1 piso mezzanine ,Ccr oficina ,Ok,,
15/5/2026 12:26:29,Toyota,462,2026-05-15,1 piso mezzanine ,Oficina de laborales,Oi,,
15/5/2026 12:26:31,Toyota,462,2026-05-15,1 piso mezzanine ,Oficina de laborales,Oi,,
15/5/2026 12:26:58,Toyota,344,2026-05-15,1 piso mezzanine ,Oficina de cir,Ok,,
15/5/2026 12:26:59,Toyota,344,2026-05-15,1 piso mezzanine ,Oficina de cir,Ok,,
15/5/2026 12:27:29,Toyota,346,2026-05-15,1 piso mezzanine ,Oficina obra social ,Ok,,
15/5/2026 12:27:30,Toyota,346,2026-05-15,1 piso mezzanine ,Oficina obra social ,Ok,,
15/5/2026 12:27:48,Toyota,461,2026-05-15,1 piso mezzanine ,Mezzanine ,Ok,,
15/5/2026 12:27:48,Toyota,461,2026-05-15,1 piso mezzanine ,Mezzanine ,Ok,,
15/5/2026 12:28:17,Toyota,797,2026-05-15,1 piso mezzanine ,Sala de jefes de pintura ,Ok,,
15/5/2026 12:28:18,Toyota,797,2026-05-15,1 piso mezzanine ,Sala de jefes de pintura ,Ok,,
15/5/2026 12:29:52,Toyota,72,2026-05-15,Pb Welding ,Banco de trabajo ,Ok,,
15/5/2026 12:29:52,Toyota,72,2026-05-15,Pb Welding ,Banco de trabajo ,Ok,,
15/5/2026 12:30:58,Toyota,426,2026-05-15,Pb Welding ,Banco de trabajo ,Ok,,
15/5/2026 12:30:59,Toyota,426,2026-05-15,Pb Welding ,Banco de trabajo ,Ok,,
15/5/2026 12:31:28,Toyota,412,2026-05-15,Pb Welding ,Pañol welding,Ok,,
15/5/2026 12:31:35,Toyota,412,2026-05-15,Pb Welding ,Pañol welding,Ok,,
15/5/2026 12:31:59,Toyota,904,2026-05-15,Pb carpa,Service part,Ok,,
15/5/2026 12:32:01,Toyota,904,2026-05-15,Pb carpa,Service part,Ok,,
15/5/2026 12:32:53,Toyota,798,2026-05-15,Pb Welding ,Mediciones ccm ,Ok,,
15/5/2026 12:32:54,Toyota,798,2026-05-15,Pb Welding ,Mediciones ccm ,Ok,,
15/5/2026 12:33:22,Toyota,477,2026-05-15,1 piso mezzanine ,Oficina de jefes de Welding ,Ok,,
15/5/2026 12:33:23,Toyota,477,2026-05-15,1 piso mezzanine ,Oficina de jefes de Welding ,Ok,,
15/5/2026 12:34:08,Toyota,452,2026-05-15,1 piso mezzanine ,Oficina de jefes de Welding ,Ok,,
15/5/2026 12:34:09,Toyota,452,2026-05-15,1 piso mezzanine ,Oficina de jefes de Welding ,Ok,,
15/5/2026 12:34:43,Toyota,739,2026-05-15,1 piso  pintura ,Top coat,Ok,,
15/5/2026 12:34:46,Toyota,739,2026-05-15,1 piso  pintura ,Top coat,Ok,,
15/5/2026 14:44:06,Toyota,483,2026-05-15,Pb Welding ,Columna C-20,Ok,,
15/5/2026 14:44:07,Toyota,725,2026-05-15,Pb pintura,Sealer ,Ok,,
18/5/2026 11:14:11,Toyota,77,2026-05-18,Pb Welding ,Columna C-19,Ok,,
18/5/2026 11:14:12,Toyota,839,2026-05-18,Pb Welding ,Columna -19,Ok,,
18/5/2026 11:14:13,Toyota,476,2026-05-18,Pb Welding ,Columna C-20,Ok,,
18/5/2026 11:14:15,Toyota,841,2026-05-18,Pb Welding ,Columna B-16 ,Ok,,
18/5/2026 11:14:15,Toyota,455,2026-05-18,Pb Welding ,Columna B-16,Ok,,
18/5/2026 11:14:17,Toyota,306,2026-05-18,Pb Welding ,Columna E-19,Ok,,
18/5/2026 11:14:17,Toyota,485,2026-05-18,Pb Welding ,Columna A-16,Ok,,
18/5/2026 11:14:18,Toyota,486,2026-05-18,Pb Welding ,Columna B-16 ,Ok,,
18/5/2026 11:14:20,Toyota,834,2026-05-18,Pb Welding ,Columna A-16 ,Ok,,
18/5/2026 11:14:21,Toyota,488,2026-05-18,Pb Welding ,Columna A-16,Ok,,
18/5/2026 11:14:22,Toyota,306,2026-05-18,Pb Welding ,Columna E-19,Ok,,
18/5/2026 11:14:22,Toyota,305,2026-05-18,Pb Welding ,Columna E-19,Ok,,
18/5/2026 11:14:23,Toyota,490,2026-05-18,Pb Welding ,Oficina group líder columna A-15,Ok,,
18/5/2026 12:01:14,Toyota,305,2026-05-18,Pb Welding ,Columna E-19,Ok,,
18/5/2026 12:01:14,Toyota,476,2026-05-18,Pb Welding ,Columna C-20,Ok,,
18/5/2026 12:01:15,Toyota,306,2026-05-18,Pb Welding ,Columna E-19,Ok,,
18/5/2026 12:01:16,Toyota,486,2026-05-18,Pb Welding ,Columna B-16 ,Ok,,
18/5/2026 12:01:17,Toyota,455,2026-05-18,Pb Welding ,Columna B-16,Ok,,
18/5/2026 12:01:18,Toyota,834,2026-05-18,Pb Welding ,Columna A-16 ,Ok,,
18/5/2026 12:01:18,Toyota,485,2026-05-18,Pb Welding ,Columna A-16,Ok,,
18/5/2026 12:01:19,Toyota,77,2026-05-18,Pb Welding ,Columna C-19,Ok,,
18/5/2026 12:01:19,Toyota,488,2026-05-18,Pb Welding ,Columna A-16,Ok,,
18/5/2026 12:01:20,Toyota,839,2026-05-18,Pb Welding ,Columna -19,Ok,,
18/5/2026 12:01:21,Toyota,490,2026-05-18,Pb Welding ,Oficina group líder columna A-15,Ok,,
18/5/2026 12:01:22,Toyota,841,2026-05-18,Pb Welding ,Columna B-16 ,Ok,,
18/5/2026 12:06:43,Toyota,77,2026-05-18,Pb Welding ,Columna C-19,Ok,,
18/5/2026 12:06:52,Toyota,839,2026-05-18,Pb Welding ,Columna -19,Ok,,
18/5/2026 12:06:55,Toyota,841,2026-05-18,Pb Welding ,Columna B-16 ,Ok,,
18/5/2026 12:06:59,Toyota,485,2026-05-18,Pb Welding ,Columna A-16,Ok,,
18/5/2026 12:07:02,Toyota,488,2026-05-18,Pb Welding ,Columna A-16,Ok,,
18/5/2026 12:07:27,Toyota,490,2026-05-18,Pb Welding ,Oficina group líder columna A-15,Ok,,
18/5/2026 12:08:06,Toyota,493,2026-05-18,Pb Welding ,Columna A-9,Ok,,
18/5/2026 12:08:31,Toyota,844,2026-05-18,Pb Welding ,Columna A-9,Ok,,
18/5/2026 12:08:53,Toyota,492,2026-05-18,Pb Welding ,Columna A-9,Ok,,
19/5/2026 9:14:11,Toyota,463,2026-05-18,1 piso ,Mezzanine ,Ok,,
19/5/2026 9:14:12,Toyota,463,2026-05-18,1 piso ,Mezzanine ,Ok,,
19/5/2026 10:19:21,Toyota,824,2026-05-19,Pb Welding ,Columna C-16,Ok,,
19/5/2026 10:19:25,Toyota,487,2026-05-19,Pb Welding ,Columna E-15,Ok,,
19/5/2026 10:19:29,Toyota,526,2026-05-19,Pb Welding ,Oficina de group líder columna E-16,Ok,,
19/5/2026 10:19:40,Toyota,519,2026-05-19,Pb trym ip,Meeting trym f-15,Ok,,
19/5/2026 10:19:44,Toyota,525,2026-05-19,Pb trym ,Meeting F-15,Ok,,
19/5/2026 10:19:48,Toyota,524,2026-05-19,Pb trym ,Meeting F-15,Ok,,
19/5/2026 10:19:51,Toyota,518,2026-05-19,1 piso mh ,Oficina jefes ,Ok,,
19/5/2026 10:19:53,Toyota,525,2026-05-19,Pb trym ,Meeting F-15,Ok,,
19/5/2026 10:19:55,Toyota,522,2026-05-19,Pb Mh,Meeting de IP,Ok,,
19/5/2026 10:19:59,Toyota,524,2026-05-19,Pb trym ,Meeting F-15,Ok,,
19/5/2026 10:20:12,Toyota,523,2026-05-19,Pb Mh,Meeting de IP,Ok,,
19/5/2026 10:20:12,Toyota,518,2026-05-19,1 piso mh ,Oficina jefes ,Ok,,
19/5/2026 10:20:15,Toyota,520,2026-05-19,Pb Mh ,Columna G-15,Ok,,
19/5/2026 10:20:17,Toyota,522,2026-05-19,Pb Mh,Meeting de IP,Ok,,
19/5/2026 10:20:21,Toyota,523,2026-05-19,Pb Mh,Meeting de IP,Ok,,
19/5/2026 10:20:26,Toyota,662,2026-05-19,Pb Press ,ColumnaE-11,Ok,,
19/5/2026 10:20:27,Toyota,520,2026-05-19,Pb Mh ,Columna G-15,Ok,,
19/5/2026 10:30:08,Toyota,662,2026-05-19,Pb Press ,ColumnaE-11,Ok,,
19/5/2026 10:30:08,Toyota,502,2026-05-19,Pb press,Sector de mtp columna E-11,Ok,,
19/5/2026 10:30:13,Toyota,662,2026-05-19,Pb Press ,ColumnaE-11,Ok,,
19/5/2026 10:30:19,Toyota,502,2026-05-19,Pb press,Sector de mtp columna E-11,Ok,,
19/5/2026 10:30:23,Toyota,517,2026-05-19,1 piso press,Oficina de jefes ,Ok,,
19/5/2026 10:30:24,Toyota,517,2026-05-19,1 piso press,Oficina de jefes ,Ok,,
19/5/2026 10:32:55,Toyota,Pb press ,2026-05-19,510,Columna E gl produccion,Ok,,
19/5/2026 10:32:57,Toyota,Pb press ,2026-05-19,510,Columna E gl produccion,Ok,,
19/5/2026 10:52:20,Toyota,512,2026-05-19,Pb press ,Meeting press columna E,Ok,,
19/5/2026 10:52:21,Toyota,514,2026-05-19,Pb press,Meeting press columna E ,Ok,,
19/5/2026 10:52:22,Toyota,516,2026-05-19,Pb press,Meeting press columna E ,Ok,,
19/5/2026 10:52:22,Toyota,511,2026-05-19,Pb press,Al lado meeting press columna E,Ok,,
19/5/2026 10:52:23,Toyota,513,2026-05-19,Pb press,Meeting press columna E ,Ok,,
19/5/2026 10:52:24,Toyota,511,2026-05-19,Pb press,Al lado meeting press columna E,Ok,,
19/5/2026 10:52:29,Toyota,512,2026-05-19,Pb press ,Meeting press columna E,Ok,,
19/5/2026 10:52:31,Toyota,509,2026-05-19,Pb press,Columna p,Ok,,
19/5/2026 10:52:34,Toyota,509,2026-05-19,Pb press,Columna p,Ok,,
19/5/2026 10:52:35,Toyota,513,2026-05-19,Pb press,Meeting press columna E ,Ok,,
19/5/2026 10:52:39,Toyota,514,2026-05-19,Pb press,Meeting press columna E ,Ok,,
19/5/2026 10:52:54,Toyota,516,2026-05-19,Pb press,Meeting press columna E ,Ok,,
19/5/2026 10:53:44,Toyota,510,2026-05-19,Pb press,Pañol,Ok,,
19/5/2026 10:53:45,Toyota,510,2026-05-19,Pb press,Pañol,Ok,,
19/5/2026 10:54:24,Toyota,507,2026-05-19,Pb press,Limpialux ,Ok,,
19/5/2026 10:54:25,Toyota,507,2026-05-19,Pb press,Limpialux ,Ok,,
19/5/2026 11:11:31,Toyota,505,2026-05-19,Pb press,Matriceria,Ok,,
19/5/2026 11:11:32,Toyota,505,2026-05-19,Pb press,Matriceria,Ok,,
19/5/2026 11:18:00,Toyota,504,2026-05-19,Pb press,Meeting de matriceria ,Ok,,
19/5/2026 11:18:00,Toyota,504,2026-05-19,Pb press,Meeting de matriceria ,Ok,,
19/5/2026 11:26:09,Toyota,506,2026-05-19,1 piso press ,Oficina group líder de matriceria ,Ok,,
19/5/2026 11:26:10,Toyota,506,2026-05-19,1 piso press ,Oficina group líder de matriceria ,Ok,,
19/5/2026 11:29:58,Toyota,503,2026-05-19,Pb press,Columna D-8,Ok,,
19/5/2026 11:30:00,Toyota,503,2026-05-19,Pb press,Columna D-8,Ok,,
19/5/2026 11:31:36,Toyota,500,2026-05-19,Pb press,Meeting columna D-11,Ok,,
19/5/2026 11:31:42,Toyota,500,2026-05-19,Pb press,Meeting columna D-11,Ok,,
19/5/2026 11:31:46,Toyota,500,2026-05-19,Pb press,Meeting columna D-11,Ok,,
19/5/2026 12:27:20,Toyota,549,2026-05-19,Pb Mh,Meeting canopy norte ,Ok,,
19/5/2026 12:27:21,Toyota,905,2026-05-19,Pb mh,Columna A-13,Ok,,
19/5/2026 12:27:30,Toyota,845,2026-05-19,Pb mh,Columna A-5,Ok,,
19/5/2026 12:27:34,Toyota,497,2026-05-19,Pb Mh ,Columna A-5,Ok,,
19/5/2026 12:27:38,Toyota,498,2026-05-19,Pb mh,Oficina de group líder canopy norte ,Ok,,
19/5/2026 12:27:41,Toyota,495,2026-05-19,Pb mh ,Meeting canopy norte ,Ok,,
19/5/2026 12:27:44,Toyota,549,2026-05-19,Pb Mh,Meeting canopy norte ,Ok,,
19/5/2026 12:31:41,Toyota,499,2026-05-19,Pb press ,Columna D-13,Ok,,
19/5/2026 14:47:33,Toyota,499,2026-05-19,Pb press ,Columna D-13,Ok,,
20/5/2026 8:17:06,Toyota,499,2026-05-19,Pb press ,Columna D-13,Ok,,
20/5/2026 10:34:58,Toyota,768,2026-05-20,Pb pintura ,Oficina laboratorio pintura,Ok,,
20/5/2026 10:35:02,Toyota,769,2026-05-20,Pb pintura ,Meeting de laboratorio pintura,Ok,,
20/5/2026 10:35:05,Toyota,767,2026-05-20,Pb pintura ,Pañol pintura,Ok,,
20/5/2026 10:35:37,Toyota,755,2026-05-20,Pb pintura ,Meeting karakuri,Ok,,
20/5/2026 10:35:40,Toyota,478,2026-05-20,Pb pintura ,Meeting karakuri ,Ok,,
20/5/2026 10:35:45,Toyota,764,2026-05-20,Pb pintura ,Oficina group líder de ed inspección ,Ok,,
20/5/2026 10:35:48,Toyota,765,2026-05-20,Pb pintura ,Meeting karakuri ,Ok,,
20/5/2026 10:35:53,Toyota,766,2026-05-20,Pb pintura,Pañol mtt karakuri,Ok,,
20/5/2026 10:35:58,Toyota,757,2026-05-20,Pb pintura ,Pañol de mantenimiento mtt,Ok,,
20/5/2026 10:36:05,Toyota,906,2026-05-20,Pb pintura ,Pañol de pintura ,Ok,,
20/5/2026 10:36:08,Toyota,753,2026-05-20,Ep pintura,Meeting de ed,Ok,,
20/5/2026 10:36:16,Toyota,907,2026-05-20,Pb Welding ,Qc Welding curva,Ok,,
20/5/2026 10:36:21,Toyota,799,2026-05-20,Pb Welding ,Columna B-24,Ok,,
20/5/2026 10:36:30,Toyota,470,2026-05-20,Pb slat,Linea slat,Ok,,
20/5/2026 10:36:38,Toyota,471,2026-05-20,Pb slat,Linea slat ,Ok,,
20/5/2026 10:36:42,Toyota,908,2026-05-20,Pb slat ,Linea slat,Ok,,
20/5/2026 10:36:47,Toyota,474,2026-05-20,Pb slat ,Linea slat,Ok,,
20/5/2026 10:36:55,Toyota,475,2026-05-20,Pb slat ,Linea slat,Ok,,
20/5/2026 10:45:00,Toyota,475,2026-05-20,Pb slat ,Linea slat,Ok,,
20/5/2026 10:45:05,Toyota,830,2026-05-20,Pb Welding ,Columna A-22,Ok,,
20/5/2026 10:45:09,Toyota,484,2026-05-20,Pb Welding ,Columna A-20,Ok,,
20/5/2026 10:45:12,Toyota,833,2026-05-20,Pb Welding ,Columna A-18,Ok,,
20/5/2026 10:45:15,Toyota,831,2026-05-20,Pb Welding ,Columna A-19,Ok,,
20/5/2026 10:45:20,Toyota,832,2026-05-20,Pb Welding ,Columna A-18,Ok,,
20/5/2026 10:45:23,Toyota,835,2026-05-20,Pb Welding ,Columna A-17,Ok,,
20/5/2026 10:45:27,Toyota,481,2026-05-20,Pb Welding columna A-16,Columna A-16 ,Ok,,
20/5/2026 10:45:29,Toyota,909,2026-05-20,Pb Welding ,Columna A-20,Ok,,
20/5/2026 10:45:31,Toyota,909,2026-05-20,Pb Welding ,Columna A-20,Ok,,
20/5/2026 10:45:32,Toyota,480,2026-05-20,Pb Welding ,Columna B-19,Ok,,
20/5/2026 10:45:34,Toyota,480,2026-05-20,Pb Welding ,Columna B-19,Ok,,
20/5/2026 10:45:35,Toyota,836,2026-05-20,Pb Welding ,Columna B-19,Ok,,
20/5/2026 10:45:37,Toyota,836,2026-05-20,Pb Welding ,Columna B-19,Ok,,
20/5/2026 10:45:38,Toyota,489,2026-05-20,Pb Welding ,Columna B-17,Ok,,
20/5/2026 10:45:41,Toyota,489,2026-05-20,Pb Welding ,Columna B-17,Ok,,
20/5/2026 10:45:42,Toyota,910,2026-05-20,Pb Welding ,Columna B-19,Ok,,
20/5/2026 10:45:56,Toyota,827,2026-05-20,Pb Welding ,Columna C-20 ,Ok,,
20/5/2026 10:45:57,Toyota,910,2026-05-20,Pb Welding ,Columna B-19,Ok,,
20/5/2026 10:46:19,Toyota,827,2026-05-20,Pb Welding ,Columna C-20 ,Ok,,
20/5/2026 10:46:20,Toyota,411,2026-05-20,Pb Welding ,Columna B-22,Ok,,
20/5/2026 10:46:31,Toyota,837,2026-05-20,Pb Welding ,Columna C-21,Ok,,
20/5/2026 10:46:32,Toyota,427,2026-05-20,Pb Welding ,Columna B-23,Ok,,
20/5/2026 10:46:37,Toyota,427,2026-05-20,Pb Welding ,Columna B-23,Ok,,
20/5/2026 10:46:38,Toyota,415,2026-05-20,Pb Welding ,Columna B-24,Ok,,
20/5/2026 10:46:40,Toyota,415,2026-05-20,Pb Welding ,Columna B-24,Ok,,
20/5/2026 10:46:43,Toyota,320,2026-05-20,Pb Welding ,Columna C-24,Ok,,
20/5/2026 10:46:47,Toyota,404,2026-05-20,Pb Welding ,Columna C-24,Ok,,
20/5/2026 10:46:52,Toyota,825,2026-05-20,1 piso Welding ,Base elevada izquierda,Ok,,
20/5/2026 10:46:57,Toyota,826,2026-05-20,1 piso Welding ,Base elevada derecha ,Ok,,
20/5/2026 10:46:58,Toyota,320,2026-05-20,Pb Welding ,Columna C-24,Ok,,
20/5/2026 10:47:03,Toyota,325,2026-05-20,Pb Welding ,Columna D-20,Ok,,
20/5/2026 10:47:08,Toyota,404,2026-05-20,Pb Welding ,Columna C-24,Ok,,
20/5/2026 10:47:12,Toyota,828,2026-05-20,Pb Welding ,Columna E-19,Ok,,
20/5/2026 10:47:22,Toyota,825,2026-05-20,1 piso Welding ,Base elevada izquierda,Ok,,
20/5/2026 10:47:23,Toyota,532,2026-05-20,Pb Mh,Pañol ,Ok,,
20/5/2026 10:47:37,Toyota,826,2026-05-20,1 piso Welding ,Base elevada derecha ,Ok,,
20/5/2026 10:47:37,Toyota,527,2026-05-20,1 piso MH,Oficina de group líder MH,Ok,,
20/5/2026 10:47:49,Toyota,325,2026-05-20,Pb Welding ,Columna D-20,Ok,,
20/5/2026 10:47:50,Toyota,528,2026-05-20,Pb Mh,Pb jundate columna J-16,Ok,,
20/5/2026 10:47:52,Toyota,828,2026-05-20,Pb Welding ,Columna E-19,Ok,,
20/5/2026 10:47:58,Toyota,532,2026-05-20,Pb Mh,Pañol ,Ok,,
20/5/2026 10:47:59,Toyota,529,2026-05-20,Pb Mh ,Meeting Jundate columna J-16,Ok,,
20/5/2026 10:48:03,Toyota,527,2026-05-20,1 piso MH,Oficina de group líder MH,Ok,,
20/5/2026 10:48:07,Toyota,528,2026-05-20,Pb Mh,Pb jundate columna J-16,Ok,,
20/5/2026 10:48:11,Toyota,529,2026-05-20,Pb Mh ,Meeting Jundate columna J-16,Ok,,
20/5/2026 10:59:24,Toyota,530,2026-05-20,Pb Mh,Columna I-15 isla,Ok,,
20/5/2026 10:59:28,Toyota,849,2026-05-20,Pb Mh,Columna I-13,Ok,,
20/5/2026 10:59:31,Toyota,911,2026-05-20,Pb Mh,Meeting Jundate columna J -16,Ok,,
20/5/2026 11:45:08,Toyota,851,2026-05-20,Pb motores,Meeting 1,Ok,,
20/5/2026 11:45:09,Toyota,851,2026-05-20,Pb motores,Meeting 1,Ok,,
20/5/2026 11:45:26,Toyota,246,2026-05-20,Pb motores ,Meeting 1,Ok,,
20/5/2026 11:45:27,Toyota,246,2026-05-20,Pb motores ,Meeting 1,Ok,,
20/5/2026 11:45:57,Toyota,75,2026-05-20,Pb motores ,Dojo de kaizen,Ok,,
20/5/2026 11:45:58,Toyota,75,2026-05-20,Pb motores ,Dojo de kaizen,Ok,,
20/5/2026 11:46:29,Toyota,132,2026-05-20,1 piso motores,Oficina kaizen,Ok,,
20/5/2026 11:46:30,Toyota,132,2026-05-20,1 piso motores,Oficina kaizen,Ok,,
20/5/2026 11:46:47,Toyota,247,2026-05-20,Pb motores,Meeting 2,Ok,,
20/5/2026 11:46:48,Toyota,247,2026-05-20,Pb motores,Meeting 2,Ok,,
20/5/2026 11:47:06,Toyota,248,2026-05-20,Pb motores ,Meeting 2,Ok,,
20/5/2026 11:47:06,Toyota,248,2026-05-20,Pb motores ,Meeting 2,Ok,,
20/5/2026 11:47:24,Toyota,266,2026-05-20,Pb motores ,Meeting 3,Ok,,
20/5/2026 11:47:24,Toyota,266,2026-05-20,Pb motores ,Meeting 3,Ok,,
20/5/2026 11:47:54,Toyota,912,2026-05-20,Pb motores ,Oficina de producción ,Ok,,
20/5/2026 11:47:57,Toyota,912,2026-05-20,Pb motores ,Oficina de producción ,Ok,,
20/5/2026 11:48:12,Toyota,249,2026-05-20,Pb motores ,Meeting 4,Ok,,
20/5/2026 11:48:12,Toyota,249,2026-05-20,Pb motores ,Meeting 4,Ok,,
20/5/2026 11:48:31,Toyota,251,2026-05-20,Pb motores ,Auditoria de unidad ,Ok,,
20/5/2026 11:48:32,Toyota,251,2026-05-20,Pb motores ,Auditoria de unidad ,Ok,,
20/5/2026 11:48:49,Toyota,252,2026-05-20,Pb motores ,Oficina 3 pilares,Ok,,
20/5/2026 11:48:49,Toyota,252,2026-05-20,Pb motores ,Oficina 3 pilares,Ok,,
20/5/2026 11:49:08,Toyota,253,2026-05-20,Pb motores ,Meeting 5,Ok,,
20/5/2026 11:49:08,Toyota,253,2026-05-20,Pb motores ,Meeting 5,Ok,,
20/5/2026 11:49:49,Toyota,913,2026-05-20,Pb motores ,Meeting 5,Ok,,
20/5/2026 11:49:50,Toyota,913,2026-05-20,Pb motores ,Meeting 5,Ok,,
20/5/2026 11:50:06,Toyota,255,2026-05-20,Pb motores ,Meeting 6,Ok,,
20/5/2026 11:50:06,Toyota,255,2026-05-20,Pb motores ,Meeting 6,Ok,,
20/5/2026 11:50:21,Toyota,258,2026-05-20,Pb motores ,Meeting 5,Ok,,
20/5/2026 11:50:22,Toyota,258,2026-05-20,Pb motores ,Meeting 5,Ok,,
20/5/2026 11:50:36,Toyota,250,2026-05-20,Pb motores ,Meeting 6,Ok,,
20/5/2026 11:50:37,Toyota,250,2026-05-20,Pb motores ,Meeting 6,Ok,,
20/5/2026 11:50:52,Toyota,914,2026-05-20,Pb motores ,Meeting 6,Ok,,
20/5/2026 11:50:53,Toyota,914,2026-05-20,Pb motores ,Meeting 6,Ok,,
20/5/2026 11:51:13,Toyota,260,2026-05-20,Pb motores ,Meeting 7,Ok,,
20/5/2026 11:51:14,Toyota,260,2026-05-20,Pb motores ,Meeting 7,Ok,,
21/5/2026 11:49:10,Toyota,917,2026-05-21,Pb motores,Oficina de producción ,Ok,,
21/5/2026 11:49:12,Toyota,917,2026-05-21,Pb motores,Oficina de producción ,Ok,,
22/5/2026 10:33:00,Toyota,582,2026-05-22,PB,ASIMRA,Ok,,
22/5/2026 10:34:00,Toyota,581,2026-05-22,1°,ASIMRA,Ok,,
22/5/2026 10:35:00,Toyota,584,2026-05-22,PB,Oficina Aula 4 Soon,Ok,,
22/5/2026 10:38:00,Toyota,583,2026-05-22,PB,Cocina Soon,Ok,,
22/5/2026 10:42:00,Toyota,914,2026-05-22,1°,Oficina Jefes Soon,Ok,,
22/5/2026 10:45:00,Toyota,580,2026-05-22,1°,Laboratorio Medicion,Ok,,
22/5/2026 10:49:00,Toyota,915,2026-05-22,PB,Columna P-15,Ok,,
22/5/2026 10:53:00,Toyota,559,2026-05-22,1°,Meeting MSP,Ok,,
22/5/2026 10:56:00,Toyota,562,2026-05-22,1°,Meeting MSP,Ok,,
22/5/2026 11:00:00,Toyota,555,2026-05-22,PB,Meeting MSP,Ok,,
22/5/2026 11:03:00,Toyota,56,2026-05-22,1°,Oficina Group Líder,Ok,,
22/5/2026 11:07:00,Toyota,552,2026-05-22,2°,Meeting Locales,Ok,,
22/5/2026 11:10:00,Toyota,849,2026-05-22,2º,Meeting Locales,Ok,,
22/5/2026 11:14:00,Toyota,560,2026-05-22,1°,Oficina Jefes MSP,Ok,,
22/5/2026 11:17:00,Toyota,558,2026-05-22,1º,Warehouse Playa,Ok,,
22/5/2026 11:21:00,Toyota,566,2026-05-22,1º,Columna Q-5,Ok,,
22/5/2026 11:25:00,Toyota,579,2026-05-22,1°,Columna P-9,Ok,,
22/5/2026 11:28:00,Toyota,577,2026-05-22,2°,Columna N-11,Ok,,
22/5/2026 11:32:00,Toyota,570,2026-05-22,2º,Columna N-9,Ok,,
22/5/2026 11:35:00,Toyota,575,2026-05-22,1°,Columna K-9,Ok,,
22/5/2026 11:39:00,Toyota,816,2026-05-22,1º,Chequeo Chisel,Ok,,
22/5/2026 11:42:00,Toyota,813,2026-05-22,1º,Columna E-19,Ok,,
22/5/2026 11:46:00,Toyota,814,2026-05-22,1º,Columna E-17,Ok,,
22/5/2026 11:50:00,Toyota,813,2026-05-22,1º,Columna D-17,Ok,,
22/5/2026 11:53:00,Toyota,818,2026-05-22,1°,Columna D-17,Ok,,
22/5/2026 11:57:00,Toyota,817,2026-05-22,2°,Columna D-17,Ok,,
22/5/2026 12:00:00,Toyota,456,2026-05-22,2º,Columna C-17,Ok,,
22/5/2026 12:04:00,Toyota,820,2026-05-22,PB,Columna C-17,Ok,,
22/5/2026 12:07:00,Toyota,829,2026-05-22,PB,Columna C-17,Ok,,
22/5/2026 12:11:00,Toyota,821,2026-05-22,PB,Columna B-17,Ok,,
22/5/2026 12:15:00,Toyota,840,2026-05-22,PB,Columna B-17,Ok,,
22/5/2026 12:18:00,Toyota,822,2026-05-22,PB,Columna B-17,Ok,,
22/5/2026 12:22:00,Toyota,826,2026-05-22,PB,Columna B-20,Ok,,
22/5/2026 12:25:00,Toyota,843,2026-05-22,PB,Columna A-14,Ok,,
22/5/2026 12:29:00,Toyota,842,2026-05-22,PB,Columna A-14,Ok,,
22/5/2026 12:32:00,Toyota,554,2026-05-22,PB,Columna A-14,Ok,,
22/5/2026 12:36:00,Toyota,565,2026-05-22,PB,Columna A-14,Ok,,
26/5/2026 9:30:00,Toyota,600,2026-05-26,PB,Puesto 6 Camiones,Ok,,
26/5/2026 9:38:00,Toyota,292,2026-05-26,1°,Oficina Veloce,Ok,,
26/5/2026 9:45:00,Toyota,650,2026-05-26,PB,Puesto 6 Entrada,Ok,,
26/5/2026 9:52:00,Toyota,207,2026-05-26,PB,Puerta 6 Salida,Ok,,
26/5/2026 9:59:00,Toyota,688,2026-05-26,1°,Oficina Limpialux,Ok,,
26/5/2026 10:06:00,Toyota,636,2026-05-26,1°,Oficina Logistica Vel.,Ok,,
26/5/2026 10:13:00,Toyota,930,2026-05-26,PB,Columna F-5,Ok,,
26/5/2026 10:20:00,Toyota,931,2026-05-26,1°,Porteria 4,Ok,,
26/5/2026 10:27:00,Toyota,181,2026-05-26,1°,Oficina Repuestos,Ok,,
26/5/2026 10:33:00,Toyota,182,2026-05-26,PB,Cocina Repuestos,Ok,,
26/5/2026 10:40:00,Toyota,179,2026-05-26,1°,Meeting Repuestos,Ok,,
26/5/2026 10:47:00,Toyota,180,2026-05-26,2°,Oficina Small Srg tcm,Ok,,
26/5/2026 10:54:00,Toyota,864,2026-05-26,2º,Limpialux,Ok,,
26/5/2026 11:01:00,Toyota,183,2026-05-26,1°,Meeting Mantenimiento,Ok,,
26/5/2026 11:08:00,Toyota,184,2026-05-26,1º,Area A1,Ok,,
26/5/2026 11:15:00,Toyota,205,2026-05-26,1º,Despachos Especiales,Ok,,
26/5/2026 11:22:00,Toyota,178,2026-05-26,1º,Exportaciones,Ok,,
26/5/2026 11:29:00,Toyota,176,2026-05-26,1º,""" """,Ok,,
26/5/2026 11:36:00,Toyota,189,2026-05-26,1°,Oficina de Pejo,Ok,,
26/5/2026 11:43:00,Toyota,929,2026-05-26,1º,Area de Soring,Ok,,
26/5/2026 11:50:00,Toyota,186,2026-05-26,1º,Oficina Soring,Ok,,
26/5/2026 11:57:00,Toyota,194,2026-05-26,1º,Oficina Despacho,Ok,,
26/5/2026 12:04:00,Toyota,192,2026-05-26,1º,Meeting de Despacho,Ok,,
26/5/2026 12:11:00,Toyota,195,2026-05-26,1º,Sala de Choferes,Ok,,
26/5/2026 12:18:00,Toyota,193,2026-05-26,1º,Oficina Limpialux,Ok,,
26/5/2026 12:25:00,Toyota,185,2026-05-26,1°,Oficina Custom Service,Ok,,
26/5/2026 12:32:00,Toyota,677,2026-05-26,PB,Meeting Custom Service,Ok,,
26/5/2026 12:39:00,Toyota,574,2026-05-26,PB,MH Robos,Ok,,
26/5/2026 12:46:00,Toyota,553,2026-05-26,PB,Oficina Warehouse,Ok,,
26/5/2026 12:52:00,Toyota,571,2026-05-26,PB,Meeting Warehouse,Ok,,
26/5/2026 12:59:00,Toyota,550,2026-05-26,PB,Meeting Warehouse,Ok,,
26/5/2026 13:06:00,Toyota,866,2026-05-26,PB,Columna 03,Ok,,
26/5/2026 13:13:00,Toyota,188,2026-05-26,PB,Area de Soring,Ok,,
26/5/2026 13:20:00,Toyota,567,2026-05-26,PB,Meeting Warehouse,Ok,,
26/5/2026 13:27:00,Toyota,569,2026-05-26,PB,Meeting Warehouse,Ok,,
26/5/2026 13:34:00,Toyota,191,2026-05-26,PB,Meeting de Despacho,Ok,,
26/5/2026 13:41:00,Toyota,192,2026-05-26,PB,Oficina Limpialux,Ok,,
26/5/2026 13:48:00,Toyota,262,2026-05-26,PB,Meeting Custom Service,Ok,,
26/5/2026 13:55:00,Toyota,575,2026-05-26,PB,MH Robos,Ok,,
26/5/2026 14:02:00,Toyota,570,2026-05-26,PB,Meeting Warehouse,Ok,,
26/5/2026 14:09:00,Toyota,71,2026-05-26,PB,Meeting Warehouse,Ok,,
26/5/2026 14:16:00,Toyota,190,2026-05-26,PB,Meeting de Despacho,Ok,,
27/5/26,TOYOTA,215,2026-05-27,AUDITORIA,ok,,,
27/5/26,TOYOTA,317,2026-05-27,MOTORES,ok,,,
27/5/26,TOYOTA,862,2026-05-27,BUMPERS,ok,,,
27/5/26,TOYOTA,659,2026-05-27,PLANTA COMPOSTAJE,ok,,,
27/5/26,TOYOTA,292,2026-05-27,HIACE,ok,,,
27/5/26,TOYOTA,645,2026-05-27,OFICINA LIMPIA LUX,ok,,,
27/5/26,TOYOTA,803,2026-05-27,MIT CUSTOMER SERVI.,ok,,,
27/5/26,TOYOTA,386-,2026-05-27,GPS,ok,,,
27/5/26,TOYOTA,383,2026-05-27,Oficina warehouse,ok,,,
27/5/26,TOYOTA,644,2026-05-27,Cocina warehouse,ok,,,
27/5/26,TOYOTA,384,2026-05-27,Oficina jefes warehouse,ok,,,
27/5/26,TOYOTA,542,2026-05-27,Oficina Jefes Bump.,ok,,,
27/5/26,TOYOTA,540,2026-05-27,Quality Inspection,ok,,,
27/5/26,TOYOTA,859,2026-05-27,Oficina log team Bum.,ok,,,
27/5/26,TOYOTA,637,2026-05-27,Oficina ingenieria B,ok,,,
27/5/26,TOYOTA,548,2026-05-27,Columna B-22,ok,,,
27/5/26,TOYOTA,660,2026-05-27,Planta Compostaje,ok,,,
27/5/26,TOYOTA,260,2026-05-27,Hiace Pasillo,ok,,,
27/5/26,TOYOTA,294,2026-05-27,Meeting Hiace,ok,,,
27/5/26,TOYOTA,279,2026-05-27,Meeting Hiace,ok,,,
27/5/26,TOYOTA,284,2026-05-27,Meeting Hiace,ok,,,
27/5/26,TOYOTA,641,2026-05-27,Tienda de ropas,ok,,,
27/5/26,TOYOTA,642,2026-05-27,Anlay Custm Service,ok,,,
27/5/26,TOYOTA,649,2026-05-27,Cocina Logistica,ok,,,
27/5/26,TOYOTA,632,2026-05-27,Playa Logistica,ok,,,
27/5/26,TOYOTA,652,2026-05-27,Oficina Vusam,ok,,,
27/5/26,TOYOTA,633,2026-05-27,Containner choferes,ok,,,
27/5/26,TOYOTA,650,2026-05-27,Aduana oficina,ok,,,
27/5/26,TOYOTA,634,2026-05-27,Meeting Logistica,ok,,,
27/5/26,TOYOTA,63,2026-05-27,Meeting Auditoria,ok,,,
27/5/26,TOYOTA,212,2026-05-27,Oficina Auditoria,ok,,,
27/5/26,TOYOTA,275,2026-05-27,Meeting 880 Comed. 3,ok,,,
27/5/26,TOYOTA,65,2026-05-27,Auditoria,ok,,,
27/5/26,TOYOTA,646,2026-05-27,Oficina Group Lider,ok,,,
24/5/26,TOYOTA,648,2026-05-27,Helipuerto,ok,,,
24/5/26,TOYOTA,213,2026-05-27,Porteria 6,ok,,,
24/5/26,TOYOTA,265,2026-05-27,Auditoria Bodega,ok,,,
24/5/26,TOYOTA,326,2026-05-27,Taller Cnty,ok,,,
24/5/26,TOYOTA,261,2026-05-27,Motores - Reciclaje,ok,,,
24/5/26,TOYOTA,277,2026-05-27,Taller Cnty,ok,,,
24/5/26,TOYOTA,636,2026-05-27,Pañol,ok,,,
24/5/26,TOYOTA,533,2026-05-27,Meeting Limpialuz,ok,,,
24/5/26,TOYOTA,536,2026-05-27,Taller mant ensambl,ok,,,
24/5/26,TOYOTA,535,2026-05-27,Pintura Bumper,ok,,,
24/5/26,TOYOTA,347,2026-05-27,Meeting Taller Bmps,ok,,,
24/5/26,TOYOTA,364,2026-05-27,Zona de repuesto 1,ok,,,
24/5/26,TOYOTA,635,2026-05-27,Oficina Disp mnt 1,ok,,,
24/5/26,TOYOTA,214,2026-05-27,Meeting Room Sub ensamble,ok,,,
27/5/26,TOYOTA,220,2026-05-27,LOGISTICA,ok,,,
27/5/26,TOYOTA,221,2026-05-27,LOGISTICA,ok,,,
27/5/26,TOYOTA,123,2026-05-27,LOGISTICA,ok,,,
27/5/26,TOYOTA,263,2026-05-27,AUDITORIA,ok,,,
27/5/26,TOYOTA,267,2026-05-27,AUDITORIA,ok,,,
27/5/26,TOYOTA,534,2026-05-27,AUDITORIA,ok,,,
27/5/26,TOYOTA,537,2026-05-27,AUDITORIA,ok,,,
27/5/26,TOYOTA,855,2026-05-27,AUDITORIA,ok,,,
27/5/26,TOYOTA,867,2026-05-27,MOTORES,ok,,,
27/5/26,TOYOTA,856,2026-05-27,MOTORES,ok,,,
27/5/26,TOYOTA,858,2026-05-27,BUMPER,ok,,,
27/5/26,TOYOTA,863,2026-05-27,BUMPER,ok,,,
27/5/26,TOYOTA,869,2026-05-27,BUMPER,ok,,,
27/5/26,TOYOTA,243,2026-05-27,BUMPER,ok,,,
27/5/26,TOYOTA,288,2026-05-27,BUMPER,ok,,,
27/5/26,TOYOTA,802,2026-05-27,BUMPER,ok,,,
27/5/26,TOYOTA,285,2026-05-27,BUMPER,ok,,,
27/5/26,TOYOTA,287,2026-05-27,BUMPER,ok,,,
27/5/26,TOYOTA,866,2026-05-27,BUMPER,ok,,,
27/5/26,TOYOTA,382,2026-05-27,HIACE,ok,,,
27/5/26,TOYOTA,381,2026-05-27,HIACE,ok,,,
27/5/26,TOYOTA,860,2026-05-27,MIT CUSTOMER SERVICE,ok,,,
27/5/26,TOYOTA,638,2026-05-27,MIT CUSTOMER SERVICE,ok,,,
27/5/26,TOYOTA,545,2026-05-27,MIT CUSTOMER SERVICE,ok,,,
27/5/26,TOYOTA,291,2026-05-27,MIT CUSTOMER SERVICE,ok,,,
27/5/26,TOYOTA,289,2026-05-27,MIT CUSTOMER SERVICE,ok,,,
27/5/26,TOYOTA,40,2026-05-27,GPS,ok,,,
27/5/26,TOYOTA,286,2026-05-27,GPS,ok,,,
27/5/26,TOYOTA,278,2026-05-27,Oficina ingenieria B,ok,,,
27/5/26,TOYOTA,280,2026-05-27,Columna B-22,ok,,,
27/5/26,TOYOTA,281,2026-05-27,Columna B-22,ok,,,
27/5/26,TOYOTA,282,2026-05-27,Planta Compostaje,ok,,,
27/5/26,TOYOTA,283,2026-05-27,Meeting Hiace,ok,,,
27/5/26,TOYOTA,807,2026-05-27,Meeting Hiace,ok,,,
27/5/26,TOYOTA,643,2026-05-27,Meeting Hiace,ok,,,
27/5/26,TOYOTA,37,2026-05-27,Meeting Hiace,ok,,,
27/5/26,TOYOTA,835,2026-05-27,Meeting Hiace,ok,,,
27/5/26,TOYOTA,607,2026-05-27,Meeting Hiace,ok,,,
27/5/26,TOYOTA,788,2026-05-27,Meeting Hiace,ok,,,
27/5/26,TOYOTA,647,2026-05-27,Meeting Hiace,ok,,,
27/5/26,TOYOTA,211,2026-05-27,Anlay Custm Service,ok,,,
27/5/26,TOYOTA,38,2026-05-27,Anlay Custm Service,ok,,,
27/5/26,TOYOTA,274,2026-05-27,Meeting Logistica,ok,,,
27/5/26,TOYOTA,208,2026-05-27,Meeting Logistica,ok,,,
27/5/26,TOYOTA,209,2026-05-27,Meeting Auditoria,ok,,,
27/5/26,TOYOTA,742,2026-05-27,Oficina Auditoria,ok,,,
27/5/26,TOYOTA,547,2026-05-27,Oficina Auditoria,ok,,,
28/05/2026,TOYOTA,269,2026-05-28,MEETIN FRAMEX,OK,,,
28/05/2026,TOYOTA,597,2026-05-28,FRAMEX LÍNEA,OK,,,
28/05/2026,TOYOTA,623,2026-05-28,FRAMEX LÍNEA,OK,,,
28/05/2026,TOYOTA,627,2026-05-28,FRAMEX LÍNEA,OK,,,
28/05/2026,TOYOTA,610,2026-05-28,FRAMEX LÍNEA,OK,,,
28/05/2026,TOYOTA,609,2026-05-28,FRAMEX LÍNEA,OK,,,
28/05/2026,TOYOTA,614,2026-05-28,MEETIN 2 FRAMEX,OK,,,
28/05/2026,TOYOTA,630,2026-05-28,MEETIN 2 FRAMEX,OK,,,
28/05/2026,TOYOTA,629,2026-05-28,MEETIN 2 FRAMEX,OK,,,
28/05/2026,TOYOTA,603,2026-05-28,CANOPI NORTE,OK,,,
28/05/2026,TOYOTA,460,2026-05-28,CANOPI NORTE,OK,,,
28/05/2026,TOYOTA,589,2026-05-28,CANOPI NORTE,OK,,,
28/05/2026,TOYOTA,8,2026-05-28,CANOPI NORTE,OK,,,
28/05/2026,TOYOTA,590,2026-05-28,MEETIN AXLE FRAMEX,OK,,,
28/05/2026,TOYOTA,632,2026-05-28,MEETIN AXLE FRAMEX,OK,,,
28/05/2026,TOYOTA,631,2026-05-28,MEETIN AXLE FRAMEX,OK,,,
28/05/2026,TOYOTA,671,2026-05-28,MEETIN DE SEGURIDAD RESIDUO,OK,,,
28/05/2026,TOYOTA,642,2026-05-28,MEETIN DE SEGURIDAD RESIDUO,OK,,,
28/05/2026,TOYOTA,625,2026-05-28,OFICINA DE RESIDUO,OK,,,
28/05/2026,TOYOTA,596,2026-05-28,MEETIN DE RESIDUO,OK,,,
28/05/2026,TOYOTA,880,2026-05-28,TALLER DE AUTO ELEVADOR,OK,,,
28/05/2026,TOYOTA,663,2026-05-28,TALLER DE AUTO ELEVADOR,OK,,,
28/05/2026,TOYOTA,740,2026-05-28,OFICINA DE SEALER PINTURA,OK,,,
28/05/2026,TOYOTA,648,2026-05-28,LÍNEA DE // PINTURA,OK,,,
28/05/2026,TOYOTA,737,2026-05-28,LÍNEA DE // PINTURA,OK,,,
28/05/2026,TOYOTA,721,2026-05-28,OFICINA GROUP CILER,OK,,,
28/05/2026,TOYOTA,789,2026-05-28,OFICINA GROUP CILER,OK,,,
28/05/2026,TOYOTA,747,2026-05-28,OFICINA GROUP CILER,OK,,,
28/05/2026,TOYOTA,633,2026-05-28,Frame Canopy Norte,OK,,,
28/05/2026,TOYOTA,595,2026-05-28,Rear Axle,OK,,,
28/05/2026,TOYOTA,896,2026-05-28,Ensamble Meeting,OK,,,
28/05/2026,TOYOTA,897,2026-05-28,Sublinea Axle,OK,,,
28/05/2026,TOYOTA,643,2026-05-28,Sublinea Axle (cont),OK,,,
28/05/2026,TOYOTA,626,2026-05-28,Columna 7,OK,,,
28/05/2026,TOYOTA,608,2026-05-28,Linea Welding Axle,OK,,,
28/05/2026,TOYOTA,647,2026-05-28,Banco de Trabajo Derecho,OK,,,
28/05/2026,TOYOTA,628,2026-05-28,Frame Tack,OK,,,
28/05/2026,TOYOTA,634,2026-05-28,Oficina de GL Frame,OK,,,
28/05/2026,TOYOTA,615,2026-05-28,Meeting GL Frame,OK,,,
28/05/2026,TOYOTA,599,2026-05-28,Oficina Jefes,OK,,,
28/05/2026,TOYOTA,635,2026-05-28,Sala de Jefes,OK,,,
28/05/2026,TOYOTA,617,2026-05-28,Meeting,OK,,,
28/05/2026,TOYOTA,607,2026-05-28,Laboratorio,OK,,,
28/05/2026,TOYOTA,606,2026-05-28,Meeting Laboratorio,OK,,,
28/05/2026,TOYOTA,605,2026-05-28,Patrol Frame,OK,,,
28/05/2026,TOYOTA,667,2026-05-28,Do Jo Pintura,OK,,,
28/05/2026,TOYOTA,668,2026-05-28,Meeting Dojo,OK,,,
28/05/2026,TOYOTA,669,2026-05-28,Oficina Dojo,OK,,,
28/05/2026,TOYOTA,664,2026-05-28,Laboratorio Utility,OK,,,
28/05/2026,TOYOTA,665,2026-05-28,Taller Cavity,OK,,,
28/05/2026,TOYOTA,666,2026-05-28,Taller Cavity (Maq. Compartida),OK,,,
28/05/2026,TOYOTA,611,2026-05-28,Meeting Utility,OK,,,
28/05/2026,TOYOTA,879,2026-05-28,Meeting Utility (Maq. Compartida),OK,,,
28/05/2026,TOYOTA,648,2026-05-28,Oficina Utility,OK,,,
28/05/2026,TOYOTA,741,2026-05-28,Patrol Pintura,OK,,,
28/05/2026,TOYOTA,64B,2026-05-28,Linea Inspeccion,OK,,,
28/05/2026,TOYOTA,738,2026-05-28,Linea Inspeccion,OK,,,
28/05/2026,TOYOTA,745,2026-05-28,Linea Inspeccion,OK,,,
28/05/2026,TOYOTA,770,2026-05-28,Linea Inspeccion,OK,,,
28/05/2026,TOYOTA,722,2026-05-28,Meeting Inspeccion,OK,,,
28/05/2026,TOYOTA,723,2026-05-28,Meeting Inspeccion,OK,,,
28/05/2026,TOYOTA,720,2026-05-28,Linea Extraccion,OK,,,
28/05/2026,TOYOTA,734,2026-05-28,Linea Extraccion,OK,,,
28/05/2026,TOYOTA,622,2026-05-28,Linea Extraccion,OK,,,
28/05/2026,TOYOTA,803,2026-05-28,Linea Extraccion,OK,,,
28/05/2026,TOYOTA,602,2026-05-28,Linea Extraccion,OK,,,
28/05/2026,TOYOTA,618,2026-05-28,Linea Extraccion,OK,,,
28/05/2026,TOYOTA,594,2026-05-28,Linea Extraccion,OK,,,
28/05/2026,TOYOTA,612,2026-05-28,Patrol Pintura,OK,,,
28/05/2026,TOYOTA,611,2026-05-28,Patrol Pintura,OK,,,
28/05/2026,TOYOTA,604,2026-05-28,Patrol Pintura,OK,,,
28/05/2026,TOYOTA,616,2026-05-28,Patrol Pintura,OK,,,
28/05/2026,TOYOTA,624,2026-05-28,Patrol Pintura,OK,,,
28/05/2026,TOYOTA,627,2026-05-28,Patrol Pintura,OK,,,
28/05/2026,TOYOTA,393,2026-05-28,Patrol Pintura,OK,,,
28/05/2026,TOYOTA,804,2026-05-28,Patrol Pintura,OK,,,
15/6/2026 18:21:36,TOYOTA,78,2026-06-15,2323,2323,232323,,
24/7/2026 12:24:39,1234,999999,2026-07-24,eeeeee,eeeeeeeeeeee,eeeeee,,
